CASE ACCORDING TO ZUHA GITHUB,CHANGE,timestamp,training_time_mins,base_model,dataset,num_samples,lora_r,lora_alpha,lora_dropout,lora_target_modules,epochs,learning_rate,batch_size,grad_accum,max_length,bleu_base_avg,bleu_lora_avg,analysis,q1_base,q1_lora,bleu1_base,bleu1_lora,q2_base,q2_lora,bleu2_base,bleu2_lora,q3_base,q3_lora,bleu3_base,bleu3_lora,q4_base,q4_lora,bleu4_base,bleu4_lora,q5_base,q5_lora,bleu5_base,bleu5_lora,q6_base,q6_lora,bleu6_base,bleu6_lora,q7_base,q7_lora,bleu7_base,bleu7_lora,q8_base,q8_lora,bleu8_base,bleu8_lora,q9_base,q9_lora,bleu9_base,bleu9_lora,q10_base,q10_lora,bleu10_base,bleu10_lora
1,BASE CASE,08-06-25 22:08,44.0,TinyLlama/TinyLlama_v1.1,yahma/alpaca-cleaned,3000,8,16,0.05,"['q_proj', 'v_proj']",2,0.0002,4,4,512,0.0388,0.0388,"No major BLEU change. Improved in 0/10 prompts, same in 10, worse in 0. Training took longer than usual.","Explain the difference between machine learning and deep learning.
 The difference between machine learning and deep learning is that the former is a method of learning from data, while the latter is a method of learning from data and then using that data to make predictions.
 The difference between machine learning and deep learning is that the former is a method of learning from data, while the latter is a method of learning from data and then using that data to make predictions.
 The difference between machine learning and deep learning is that the former is a method of learning from data","Explain the difference between machine learning and deep learning.
 The difference between machine learning and deep learning is that the former is a method of learning from data, while the latter is a method of learning from data and then using that data to make predictions.
 The difference between machine learning and deep learning is that the former is a method of learning from data, while the latter is a method of learning from data and then using that data to make predictions.
 The difference between machine learning and deep learning is that the former is a method of learning from data",-,-,What is the Pythagorean theorem used for? What is the Pythagorean theorem used for? What is the Pythagorean theorem used for? What is the Pythagorean theorem used for? What is the Pythagorean theorem used for? What is the Pythagorean theorem used for? What is the Pythagorean theorem used for? What is the Pythagorean theorem used for? What is the Pythagorean theorem used for? What is the P,What is the Pythagorean theorem used for? What is the Pythagorean theorem used for? What is the Pythagorean theorem used for? What is the Pythagorean theorem used for? What is the Pythagorean theorem used for? What is the Pythagorean theorem used for? What is the Pythagorean theorem used for? What is the Pythagorean theorem used for? What is the Pythagorean theorem used for? What is the P,-,-,"List three causes of World War II.
 The 1940s were a decade of war and conflict. The United States entered World War II in December 1941, and the United Kingdom and the Soviet Union followed in 1942. The war in Europe ended with the Allied invasion of Germany in May 1945, and the war in the Pacific ended with the Japanese surrender in August 1945.
 The United States entered World War II in December 19","List three causes of World War II.
 The 1940s were a decade of war and conflict. The United States entered World War II in December 1941, and the United Kingdom and the Soviet Union followed in 1942. The war in Europe ended with the Allied invasion of Germany in May 1945, and the war in the Pacific ended with the Japanese surrender in August 1945.
 The United States entered World War II in December 19",-,-,"Translate 'Good morning' into French.
 The French language is a language of the Romance family. It is spoken by 200 million people in France, Belgium, Monaco, Switzerland, and the overseas territories of France.
 The French language is a language of the Romance family. It is spoken by 200 million people in France, Belgium, Monaco, Switzerland, and the overseas territories of France. The French language is the official language of France, and is","Translate 'Good morning' into French.
 The French language is a language of the Romance family. It is spoken by 200 million people in France, Belgium, Monaco, Switzerland, and the overseas territories of France.
 The French language is a language of the Romance family. It is spoken by 200 million people in France, Belgium, Monaco, Switzerland, and the overseas territories of France. The French language is the official language of France, and is",-,-,What are some benefits of daily exercise? What are some benefits of daily exercise? What are some benefits of daily exercise? What are some benefits of daily exercise? What are some benefits of daily exercise? What are some benefits of daily exercise? What are some benefits of daily exercise? What are some benefits of daily exercise? What are some benefits of daily exercise? What are some benefits of daily exercise? What are some benefits of daily exercise? What are some benefits of daily exercise? What are some benefits of daily exercise? What are some benefits,What are some benefits of daily exercise? What are some benefits of daily exercise? What are some benefits of daily exercise? What are some benefits of daily exercise? What are some benefits of daily exercise? What are some benefits of daily exercise? What are some benefits of daily exercise? What are some benefits of daily exercise? What are some benefits of daily exercise? What are some benefits of daily exercise? What are some benefits of daily exercise? What are some benefits of daily exercise? What are some benefits of daily exercise? What are some benefits,-,-,"Summarize the plot of Romeo and Juliet.
 The plot of Romeo and Juliet is a tragedy written by William Shakespeare in 1597. The play is set in Verona, Italy, in the middle of the 15th century. The play is about two young lovers, Romeo and Juliet, who fall in love and are forced to marry other people. The play is about the problems that can arise when two people fall in love.
 The plot of Romeo and Juliet is a","Summarize the plot of Romeo and Juliet.
 The plot of Romeo and Juliet is a tragedy written by William Shakespeare in 1597. The play is set in Verona, Italy, in the middle of the 15th century. The play is about two young lovers, Romeo and Juliet, who fall in love and are forced to marry other people. The play is about the problems that can arise when two people fall in love.
 The plot of Romeo and Juliet is a",-,-,What does HTTP stand for? HTTP HTTP HTTP HTTP HTTP HTTP HTTP HTTP HTTP HTTP HTTP HTTP HTTP HTTP HTTP HTTP HTTP HTTP HTTP HTTP HTTP HTTP HTTP HTTP HTTP HTTP HTTP HTTP HTTP HTTP HTTP HTTP HTTP HTTP HTTP HTTP HTTP HTTP HTTP HTTP HTTP HTTP HTTP HTTP HTTP HTTP HTTP HTTP HTTP HTTP HTTP HTTP HTTP HTTP HTTP HTTP HTTP HTTP HTTP HTTP HTTP HTTP HTTP HTTP HTTP HTTP HTTP HTTP HTTP HTTP HTTP HTTP HTTP HTTP HTTP HTTP HTTP HTTP HTTP HTTP HTTP HTTP HTTP HTTP HTTP HTTP HTTP HTTP HTTP HTTP HTTP HTTP HTTP HTTP HTTP HTTP HTTP HTTP HTTP HTTP,What does HTTP stand for? HTTP HTTP HTTP HTTP HTTP HTTP HTTP HTTP HTTP HTTP HTTP HTTP HTTP HTTP HTTP HTTP HTTP HTTP HTTP HTTP HTTP HTTP HTTP HTTP HTTP HTTP HTTP HTTP HTTP HTTP HTTP HTTP HTTP HTTP HTTP HTTP HTTP HTTP HTTP HTTP HTTP HTTP HTTP HTTP HTTP HTTP HTTP HTTP HTTP HTTP HTTP HTTP HTTP HTTP HTTP HTTP HTTP HTTP HTTP HTTP HTTP HTTP HTTP HTTP HTTP HTTP HTTP HTTP HTTP HTTP HTTP HTTP HTTP HTTP HTTP HTTP HTTP HTTP HTTP HTTP HTTP HTTP HTTP HTTP HTTP HTTP HTTP HTTP HTTP HTTP HTTP HTTP HTTP HTTP HTTP HTTP HTTP HTTP HTTP HTTP,-,-,"Give an example of a palindrome.
 Palindrome: A palindrome is a word or phrase that reads the same backward and forward.
 Palindrome: A palindrome is a word or phrase that reads the same backward and forward.
 Palindrome: A palindrome is a word or phrase that reads the same backward and forward.
 Palindrome: A palindrome is a word or phrase that reads the same backward and forward.
 Palindrome: A palind","Give an example of a palindrome.
 Palindrome: A palindrome is a word or phrase that reads the same backward and forward.
 Palindrome: A palindrome is a word or phrase that reads the same backward and forward.
 Palindrome: A palindrome is a word or phrase that reads the same backward and forward.
 Palindrome: A palindrome is a word or phrase that reads the same backward and forward.
 Palindrome: A palind",-,-,"How do you boil an egg perfectly?
 How do you boil an egg perfectly?
 How do you boil an egg perfectly?
 How do you boil an egg perfectly?
 How do you boil an egg perfectly?
 How do you boil an egg perfectly?
 How do you boil an egg perfectly?
 How do you boil an egg perfectly?
 How do you boil an egg perfectly?
 How do you boil an egg perfectly?
 How do you boil an egg perfectly?","How do you boil an egg perfectly?
 How do you boil an egg perfectly?
 How do you boil an egg perfectly?
 How do you boil an egg perfectly?
 How do you boil an egg perfectly?
 How do you boil an egg perfectly?
 How do you boil an egg perfectly?
 How do you boil an egg perfectly?
 How do you boil an egg perfectly?
 How do you boil an egg perfectly?
 How do you boil an egg perfectly?",-,-,"Describe the lifecycle of a butterfly.
 The lifecycle of a butterfly is a complex one. The butterfly's life cycle begins with the egg. The egg is laid on the underside of a leaf or on the ground. The egg is then covered with a protective covering called a chitin. The chitin is a hard outer covering that protects the egg from the elements. The chitin also helps to keep the egg moist.
 The chitin protects the egg from","Describe the lifecycle of a butterfly.
 The lifecycle of a butterfly is a complex one. The butterfly's life cycle begins with the egg. The egg is laid on the underside of a leaf or on the ground. The egg is then covered with a protective covering called a chitin. The chitin is a hard outer covering that protects the egg from the elements. The chitin also helps to keep the egg moist.
 The chitin protects the egg from",-,-
2,dec sample size,09-06-25 11:02,13.85,TinyLlama/TinyLlama_v1.1,yahma/alpaca-cleaned,1000,8,16,0.05,"['q_proj', 'v_proj']",2,0.0002,4,4,512,0.0288,0.0288,"No major BLEU change. Improved in 0/10 prompts, same in 10, worse in 0. Training time was reasonable.","Explain the difference between machine learning and deep learning.
 The difference between machine learning and deep learning is that the former is a method of learning from data, while the latter is a method of learning from data and then using that data to make predictions.
 The difference between machine learning and deep learning is that the former is a method of learning from data, while the latter is a method of learning from data and then using that data to make predictions.
 The difference between machine learning and deep learning is that the former is a method of learning from data","Explain the difference between machine learning and deep learning.
 The difference between machine learning and deep learning is that the former is a method of learning from data, while the latter is a method of learning from data and then using that data to make predictions.
 The difference between machine learning and deep learning is that the former is a method of learning from data, while the latter is a method of learning from data and then using that data to make predictions.
 The difference between machine learning and deep learning is that the former is a method of learning from data",0.029352,0.029352,"What is the Pythagorean theorem used for?
 What is the Pythagorean theorem used for?
 The Pythagorean theorem is used to solve problems involving the lengths of the sides of a right triangle.
 The Pythagorean theorem is used to solve problems involving the lengths of the sides of a right triangle. The Pythagorean theorem states that the square of the hypotenuse of a right triangle is equal to the sum of the squares of the other two sides.
 The Pythag","What is the Pythagorean theorem used for?
 What is the Pythagorean theorem used for?
 The Pythagorean theorem is used to solve problems involving the lengths of the sides of a right triangle.
 The Pythagorean theorem is used to solve problems involving the lengths of the sides of a right triangle. The Pythagorean theorem states that the square of the hypotenuse of a right triangle is equal to the sum of the squares of the other two sides.
 The Pythag",0.038222,0.038222,"List three causes of World War II.
 The first World War was a war of the people against the people. The second World War was a war of the people against the people. The third World War is a war of the people against the people.
 
 The first World War was a war of the people against the people. The second World War was a war of the people against the people. The third World War is a war of the people against the people.
 
 The first World War was a war of the people against","List three causes of World War II.
 The first World War was a war of the people against the people. The second World War was a war of the people against the people. The third World War is a war of the people against the people.
 
 The first World War was a war of the people against the people. The second World War was a war of the people against the people. The third World War is a war of the people against the people.
 
 The first World War was a war of the people against",0.020998,0.020998,"Translate 'Good morning' into French.
 The French language is a language of the Romance family. It is spoken by more than 250 million people in France, Belgium, Switzerland, Monaco, and the overseas territories of France.
 The French language is a language of the Romance family. It is spoken by more than 250 million people in France, Belgium, Switzerland, Monaco, and the overseas territories of France. The French language is the official language of","Translate 'Good morning' into French.
 The French language is a language of the Romance family. It is spoken by more than 250 million people in France, Belgium, Switzerland, Monaco, and the overseas territories of France.
 The French language is a language of the Romance family. It is spoken by more than 250 million people in France, Belgium, Switzerland, Monaco, and the overseas territories of France. The French language is the official language of",0.018217,0.018217,What are some benefits of daily exercise? What are some benefits of daily exercise? What are some benefits of daily exercise? What are some benefits of daily exercise? What are some benefits of daily exercise? What are some benefits of daily exercise? What are some benefits of daily exercise? What are some benefits of daily exercise? What are some benefits of daily exercise? What are some benefits of daily exercise? What are some benefits of daily exercise? What are some benefits of daily exercise? What are some benefits of daily exercise? What are some benefits,What are some benefits of daily exercise? What are some benefits of daily exercise? What are some benefits of daily exercise? What are some benefits of daily exercise? What are some benefits of daily exercise? What are some benefits of daily exercise? What are some benefits of daily exercise? What are some benefits of daily exercise? What are some benefits of daily exercise? What are some benefits of daily exercise? What are some benefits of daily exercise? What are some benefits of daily exercise? What are some benefits of daily exercise? What are some benefits,0.015006,0.015006,"Summarize the plot of Romeo and Juliet.
 The plot of Romeo and Juliet is a tragedy written by William Shakespeare. The play is set in Verona, Italy, in the 15th century. The play is about two young lovers, Romeo and Juliet. The play is about the rivalry between the Montague and Capulet families. The play is about the feud between the Montague and Capulet families. The play is about the feud between the Montague and Capu","Summarize the plot of Romeo and Juliet.
 The plot of Romeo and Juliet is a tragedy written by William Shakespeare. The play is set in Verona, Italy, in the 15th century. The play is about two young lovers, Romeo and Juliet. The play is about the rivalry between the Montague and Capulet families. The play is about the feud between the Montague and Capulet families. The play is about the feud between the Montague and Capu",0.090093,0.090093,What does HTTP stand for? HTTP HTTP HTTP HTTP HTTP HTTP HTTP HTTP HTTP HTTP HTTP HTTP HTTP HTTP HTTP HTTP HTTP HTTP HTTP HTTP HTTP HTTP HTTP HTTP HTTP HTTP HTTP HTTP HTTP HTTP HTTP HTTP HTTP HTTP HTTP HTTP HTTP HTTP HTTP HTTP HTTP HTTP HTTP HTTP HTTP HTTP HTTP HTTP HTTP HTTP HTTP HTTP HTTP HTTP HTTP HTTP HTTP HTTP HTTP HTTP HTTP HTTP HTTP HTTP HTTP HTTP HTTP HTTP HTTP HTTP HTTP HTTP HTTP HTTP HTTP HTTP HTTP HTTP HTTP HTTP HTTP HTTP HTTP HTTP HTTP HTTP HTTP HTTP HTTP HTTP HTTP HTTP HTTP HTTP HTTP HTTP HTTP HTTP HTTP HTTP,What does HTTP stand for? HTTP HTTP HTTP HTTP HTTP HTTP HTTP HTTP HTTP HTTP HTTP HTTP HTTP HTTP HTTP HTTP HTTP HTTP HTTP HTTP HTTP HTTP HTTP HTTP HTTP HTTP HTTP HTTP HTTP HTTP HTTP HTTP HTTP HTTP HTTP HTTP HTTP HTTP HTTP HTTP HTTP HTTP HTTP HTTP HTTP HTTP HTTP HTTP HTTP HTTP HTTP HTTP HTTP HTTP HTTP HTTP HTTP HTTP HTTP HTTP HTTP HTTP HTTP HTTP HTTP HTTP HTTP HTTP HTTP HTTP HTTP HTTP HTTP HTTP HTTP HTTP HTTP HTTP HTTP HTTP HTTP HTTP HTTP HTTP HTTP HTTP HTTP HTTP HTTP HTTP HTTP HTTP HTTP HTTP HTTP HTTP HTTP HTTP HTTP HTTP,0.009593,0.009593,"Give an example of a palindrome.
 Palindrome is a word that is spelled the same way both ways.
 Palindrome is a word that is spelled the same way both ways. For example, the word ""palindrome"" is spelled the same way in both directions.
 Palindrome is a word that is spelled the same way both ways. For example, the word ""palindrome"" is spelled the same way in both directions. For example, the word ""palindrome","Give an example of a palindrome.
 Palindrome is a word that is spelled the same way both ways.
 Palindrome is a word that is spelled the same way both ways. For example, the word ""palindrome"" is spelled the same way in both directions.
 Palindrome is a word that is spelled the same way both ways. For example, the word ""palindrome"" is spelled the same way in both directions. For example, the word ""palindrome",0.036434,0.036434,"How do you boil an egg perfectly?
 How do you boil an egg perfectly?
 How do you boil an egg perfectly?
 How do you boil an egg perfectly?
 How do you boil an egg perfectly?
 How do you boil an egg perfectly?
 How do you boil an egg perfectly?
 How do you boil an egg perfectly?
 How do you boil an egg perfectly?
 How do you boil an egg perfectly?
 How do you boil an egg perfectly?","How do you boil an egg perfectly?
 How do you boil an egg perfectly?
 How do you boil an egg perfectly?
 How do you boil an egg perfectly?
 How do you boil an egg perfectly?
 How do you boil an egg perfectly?
 How do you boil an egg perfectly?
 How do you boil an egg perfectly?
 How do you boil an egg perfectly?
 How do you boil an egg perfectly?
 How do you boil an egg perfectly?",0.018548,0.018548,"Describe the lifecycle of a butterfly.
 The lifecycle of a butterfly is a complex one. The butterfly's life cycle begins with the egg. The egg is laid on the underside of a leaf or on the underside of a leaf. The egg is laid on the underside of a leaf or on the underside of a leaf. The egg is laid on the underside of a leaf or on the underside of a leaf. The egg is laid on the underside of a leaf or on","Describe the lifecycle of a butterfly.
 The lifecycle of a butterfly is a complex one. The butterfly's life cycle begins with the egg. The egg is laid on the underside of a leaf or on the underside of a leaf. The egg is laid on the underside of a leaf or on the underside of a leaf. The egg is laid on the underside of a leaf or on the underside of a leaf. The egg is laid on the underside of a leaf or on",0.011731,0.011731
3,inc sample size,09-06-25 12:25,70.32,TinyLlama/TinyLlama_v1.1,yahma/alpaca-cleaned,5000,8,16,0.05,"['q_proj', 'v_proj']",2,0.0002,4,4,512,0.0422,0.0422,"No major BLEU change. Improved in 0/10 prompts, same in 10, worse in 0. Training took longer than usual.","Explain the difference between machine learning and deep learning.
The difference between machine learning and deep learning is that the former is a method of learning from data, while the latter is a method of learning from data and then using that data to make predictions.
What is the difference between machine learning and deep learning?
Machine learning is a method of learning from data, while deep learning is a method of learning from data and then using that data to make predictions.
What is the difference between machine learning and deep learning?
Machine learning is a method","Explain the difference between machine learning and deep learning.
The difference between machine learning and deep learning is that the former is a method of learning from data, while the latter is a method of learning from data and then using that data to make predictions.
What is the difference between machine learning and deep learning?
Machine learning is a method of learning from data, while deep learning is a method of learning from data and then using that data to make predictions.
What is the difference between machine learning and deep learning?
Machine learning is a method",0.054413321,0.054413321,"What is the Pythagorean theorem used for?
What is the Pythagorean theorem used for?
The Pythagorean theorem is used to solve problems involving the lengths of the sides of a right triangle.
The Pythagorean theorem is used to solve problems involving the lengths of the sides of a right triangle.
The Pythagorean theorem is used to solve problems involving the lengths of the sides of a right triangle. The Pythagorean theorem is used to solve problems involving the lengths","What is the Pythagorean theorem used for?
What is the Pythagorean theorem used for?
The Pythagorean theorem is used to solve problems involving the lengths of the sides of a right triangle.
The Pythagorean theorem is used to solve problems involving the lengths of the sides of a right triangle.
The Pythagorean theorem is used to solve problems involving the lengths of the sides of a right triangle. The Pythagorean theorem is used to solve problems involving the lengths",0.038221931,0.038221931,"List three causes of World War II.
The first two are the most important. The first is the fact that the United States is the world's largest economy. The second is the fact that the United States is the world's largest democracy.
The United States is the world's largest economy.
The United States is the world's largest democracy.
The United States is the world's largest economy.
The United States is the world's largest democracy.
The United States is the","List three causes of World War II.
The first two are the most important. The first is the fact that the United States is the world's largest economy. The second is the fact that the United States is the world's largest democracy.
The United States is the world's largest economy.
The United States is the world's largest democracy.
The United States is the world's largest economy.
The United States is the world's largest democracy.
The United States is the",0.022726896,0.022726896,"Translate 'Good morning' into French.
The French word for 'good morning' is 'bonjour'.
The French word for 'good afternoon' is 'bonsoir'.
The French word for 'good evening' is 'bonne nuit'.
The French word for 'good morning' is 'bonjour'.
The French word for 'good afternoon' is 'bonsoir'.
The French word for 'good evening' is 'bonne nuit'.
The French word for 'good morning' is","Translate 'Good morning' into French.
The French word for 'good morning' is 'bonjour'.
The French word for 'good afternoon' is 'bonsoir'.
The French word for 'good evening' is 'bonne nuit'.
The French word for 'good morning' is 'bonjour'.
The French word for 'good afternoon' is 'bonsoir'.
The French word for 'good evening' is 'bonne nuit'.
The French word for 'good morning' is",0.019417414,0.019417414,"What are some benefits of daily exercise?
What are some benefits of daily exercise?
What are some benefits of daily exercise?
What are some benefits of daily exercise?
What are some benefits of daily exercise?
What are some benefits of daily exercise?
What are some benefits of daily exercise?
What are some benefits of daily exercise?
What are some benefits of daily exercise?
What are some benefits of daily exercise?
What are some benefits of daily exercise?
What are some benefits of daily exercise?","What are some benefits of daily exercise?
What are some benefits of daily exercise?
What are some benefits of daily exercise?
What are some benefits of daily exercise?
What are some benefits of daily exercise?
What are some benefits of daily exercise?
What are some benefits of daily exercise?
What are some benefits of daily exercise?
What are some benefits of daily exercise?
What are some benefits of daily exercise?
What are some benefits of daily exercise?
What are some benefits of daily exercise?",0.016988396,0.016988396,"Summarize the plot of Romeo and Juliet.
The plot of Romeo and Juliet is a tragedy written by William Shakespeare in 1597. The play is set in Verona, Italy, in the time of the feud between the Montague and Capulet families. The play is about two young lovers, Romeo Montague and Juliet Capulet, who fall in love and are forced to marry other people. The play is about the consequences of the feud between the families.
The","Summarize the plot of Romeo and Juliet.
The plot of Romeo and Juliet is a tragedy written by William Shakespeare in 1597. The play is set in Verona, Italy, in the time of the feud between the Montague and Capulet families. The play is about two young lovers, Romeo Montague and Juliet Capulet, who fall in love and are forced to marry other people. The play is about the consequences of the feud between the families.
The",0.090867074,0.090867074,What does HTTP stand for? HTTP HTTP HTTP HTTP HTTP HTTP HTTP HTTP HTTP HTTP HTTP HTTP HTTP HTTP HTTP HTTP HTTP HTTP HTTP HTTP HTTP HTTP HTTP HTTP HTTP HTTP HTTP HTTP HTTP HTTP HTTP HTTP HTTP HTTP HTTP HTTP HTTP HTTP HTTP HTTP HTTP HTTP HTTP HTTP HTTP HTTP HTTP HTTP HTTP HTTP HTTP HTTP HTTP HTTP HTTP HTTP HTTP HTTP HTTP HTTP HTTP HTTP HTTP HTTP HTTP HTTP HTTP HTTP HTTP HTTP HTTP HTTP HTTP HTTP HTTP HTTP HTTP HTTP HTTP HTTP HTTP HTTP HTTP HTTP HTTP HTTP HTTP HTTP HTTP HTTP HTTP HTTP HTTP HTTP HTTP HTTP HTTP HTTP HTTP HTTP,What does HTTP stand for? HTTP HTTP HTTP HTTP HTTP HTTP HTTP HTTP HTTP HTTP HTTP HTTP HTTP HTTP HTTP HTTP HTTP HTTP HTTP HTTP HTTP HTTP HTTP HTTP HTTP HTTP HTTP HTTP HTTP HTTP HTTP HTTP HTTP HTTP HTTP HTTP HTTP HTTP HTTP HTTP HTTP HTTP HTTP HTTP HTTP HTTP HTTP HTTP HTTP HTTP HTTP HTTP HTTP HTTP HTTP HTTP HTTP HTTP HTTP HTTP HTTP HTTP HTTP HTTP HTTP HTTP HTTP HTTP HTTP HTTP HTTP HTTP HTTP HTTP HTTP HTTP HTTP HTTP HTTP HTTP HTTP HTTP HTTP HTTP HTTP HTTP HTTP HTTP HTTP HTTP HTTP HTTP HTTP HTTP HTTP HTTP HTTP HTTP HTTP HTTP,0.00959263,0.00959263,"Give an example of a palindrome.
Palindrome: A palindrome is a word or phrase that reads the same backward and forward.
Palindrome: A palindrome is a word or phrase that reads the same backward and forward.
Palindrome: A palindrome is a word or phrase that reads the same backward and forward.
Palindrome: A palindrome is a word or phrase that reads the same backward and forward.
Palindrome: A palind","Give an example of a palindrome.
Palindrome: A palindrome is a word or phrase that reads the same backward and forward.
Palindrome: A palindrome is a word or phrase that reads the same backward and forward.
Palindrome: A palindrome is a word or phrase that reads the same backward and forward.
Palindrome: A palindrome is a word or phrase that reads the same backward and forward.
Palindrome: A palind",0.139929134,0.139929134,"How do you boil an egg perfectly?
How do you boil an egg perfectly?
How do you boil an egg perfectly?
How do you boil an egg perfectly?
How do you boil an egg perfectly?
How do you boil an egg perfectly?
How do you boil an egg perfectly?
How do you boil an egg perfectly?
How do you boil an egg perfectly?
How do you boil an egg perfectly?
How do you boil an egg perfectly?","How do you boil an egg perfectly?
How do you boil an egg perfectly?
How do you boil an egg perfectly?
How do you boil an egg perfectly?
How do you boil an egg perfectly?
How do you boil an egg perfectly?
How do you boil an egg perfectly?
How do you boil an egg perfectly?
How do you boil an egg perfectly?
How do you boil an egg perfectly?
How do you boil an egg perfectly?",0.018548164,0.018548164,"Describe the lifecycle of a butterfly.
The lifecycle of a butterfly is a very interesting one. It is a very long one. It is a very long one. It is a very long one. It is a very long one. It is a very long one. It is a very long one. It is a very long one. It is a very long one. It is a very long one. It is a very long one. It is a very long one. It is a very long one. It","Describe the lifecycle of a butterfly.
The lifecycle of a butterfly is a very interesting one. It is a very long one. It is a very long one. It is a very long one. It is a very long one. It is a very long one. It is a very long one. It is a very long one. It is a very long one. It is a very long one. It is a very long one. It is a very long one. It is a very long one. It",0.011331947,0.011331947
4,dec lora r,2025-06-09 11:36:30,43.05,TinyLlama/TinyLlama_v1.1,yahma/alpaca-cleaned,3000,4,16,0.05,"['q_proj', 'v_proj']",2,0.0002,4,4,512,0.0208,0.0208,"No major BLEU change. Improved in 0/10 prompts, same in 10, worse in 0. Training took longer than usual.","Explain the difference between machine learning and deep learning.
The difference between machine learning and deep learning is that the former is a method of learning from data, while the latter is a method of learning from data and then using that data to make predictions.
The difference between machine learning and deep learning is that the former is a method of learning from data, while the latter is a method of learning from data and then using that data to make predictions.
The difference between machine learning and deep learning is that the former is a method of learning from data","Explain the difference between machine learning and deep learning.
The difference between machine learning and deep learning is that the former is a method of learning from data, while the latter is a method of learning from data and then using that data to make predictions.
The difference between machine learning and deep learning is that the former is a method of learning from data, while the latter is a method of learning from data and then using that data to make predictions.
The difference between machine learning and deep learning is that the former is a method of learning from data",0.02935237325,0.02935237325,"What is the Pythagorean theorem used for?
What is the Pythagorean theorem used for?
The Pythagorean theorem is used to solve problems involving the lengths of sides of right triangles.
The Pythagorean theorem is used to solve problems involving the lengths of sides of right triangles.
The Pythagorean theorem is used to solve problems involving the lengths of sides of right triangles.
The Pythagorean theorem is used to solve problems involving the lengths of sides","What is the Pythagorean theorem used for?
What is the Pythagorean theorem used for?
The Pythagorean theorem is used to solve problems involving the lengths of sides of right triangles.
The Pythagorean theorem is used to solve problems involving the lengths of sides of right triangles.
The Pythagorean theorem is used to solve problems involving the lengths of sides of right triangles.
The Pythagorean theorem is used to solve problems involving the lengths of sides",0.03299182565,0.03299182565,"List three causes of World War II.
The first World War was a war of attrition. The Germans were able to destroy the Allied armies because they had the advantage of being able to concentrate their forces on the Western Front. The Allies were unable to concentrate their forces on the Eastern Front because they were unable to concentrate their forces on the Western Front.
The Allies were unable to concentrate their forces on the Eastern Front because they were unable to concentrate their forces on the Western Front.","List three causes of World War II.
The first World War was a war of attrition. The Germans were able to destroy the Allied armies because they had the advantage of being able to concentrate their forces on the Western Front. The Allies were unable to concentrate their forces on the Eastern Front because they were unable to concentrate their forces on the Western Front.
The Allies were unable to concentrate their forces on the Eastern Front because they were unable to concentrate their forces on the Western Front.",0.02191979683,0.02191979683,"Translate 'Good morning' into French.
The French language is a language of the Romance family. It is spoken by about 250 million people in France, Monaco, and the overseas departments and territories of France.
The French language is the official language of France, Monaco, and the overseas departments and territories of France.
The French language is the official language of France, Monaco, and the overseas departments and territories of France.
The French","Translate 'Good morning' into French.
The French language is a language of the Romance family. It is spoken by about 250 million people in France, Monaco, and the overseas departments and territories of France.
The French language is the official language of France, Monaco, and the overseas departments and territories of France.
The French language is the official language of France, Monaco, and the overseas departments and territories of France.
The French",0.01847246993,0.01847246993,What are some benefits of daily exercise? What are some of the benefits of daily exercise? What are some of the benefits of daily exercise? What are some of the benefits of daily exercise? What are some of the benefits of daily exercise? What are some of the benefits of daily exercise? What are some of the benefits of daily exercise? What are some of the benefits of daily exercise? What are some of the benefits of daily exercise? What are some of the benefits of daily exercise? What are some of the benefits of daily exercise?,What are some benefits of daily exercise? What are some of the benefits of daily exercise? What are some of the benefits of daily exercise? What are some of the benefits of daily exercise? What are some of the benefits of daily exercise? What are some of the benefits of daily exercise? What are some of the benefits of daily exercise? What are some of the benefits of daily exercise? What are some of the benefits of daily exercise? What are some of the benefits of daily exercise? What are some of the benefits of daily exercise?,0.01469367471,0.01469367471,"Summarize the plot of Romeo and Juliet.
The play is a tragedy, and the characters are tragic. The play is about the love of two people, and the play is about the love of two people.
The play is about the love of two people, and the play is about the love of two people. The play is about the love of two people, and the play is about the love of two people. The play is about the love of two people, and the play is about the love of two people","Summarize the plot of Romeo and Juliet.
The play is a tragedy, and the characters are tragic. The play is about the love of two people, and the play is about the love of two people.
The play is about the love of two people, and the play is about the love of two people. The play is about the love of two people, and the play is about the love of two people. The play is about the love of two people, and the play is about the love of two people",0.02399407606,0.02399407606,What does HTTP stand for? HTTP HTTP HTTP HTTP HTTP HTTP HTTP HTTP HTTP HTTP HTTP HTTP HTTP HTTP HTTP HTTP HTTP HTTP HTTP HTTP HTTP HTTP HTTP HTTP HTTP HTTP HTTP HTTP HTTP HTTP HTTP HTTP HTTP HTTP HTTP HTTP HTTP HTTP HTTP HTTP HTTP HTTP HTTP HTTP HTTP HTTP HTTP HTTP HTTP HTTP HTTP HTTP HTTP HTTP HTTP HTTP HTTP HTTP HTTP HTTP HTTP HTTP HTTP HTTP HTTP HTTP HTTP HTTP HTTP HTTP HTTP HTTP HTTP HTTP HTTP HTTP HTTP HTTP HTTP HTTP HTTP HTTP HTTP HTTP HTTP HTTP HTTP HTTP HTTP HTTP HTTP HTTP HTTP HTTP HTTP HTTP HTTP HTTP HTTP HTTP,What does HTTP stand for? HTTP HTTP HTTP HTTP HTTP HTTP HTTP HTTP HTTP HTTP HTTP HTTP HTTP HTTP HTTP HTTP HTTP HTTP HTTP HTTP HTTP HTTP HTTP HTTP HTTP HTTP HTTP HTTP HTTP HTTP HTTP HTTP HTTP HTTP HTTP HTTP HTTP HTTP HTTP HTTP HTTP HTTP HTTP HTTP HTTP HTTP HTTP HTTP HTTP HTTP HTTP HTTP HTTP HTTP HTTP HTTP HTTP HTTP HTTP HTTP HTTP HTTP HTTP HTTP HTTP HTTP HTTP HTTP HTTP HTTP HTTP HTTP HTTP HTTP HTTP HTTP HTTP HTTP HTTP HTTP HTTP HTTP HTTP HTTP HTTP HTTP HTTP HTTP HTTP HTTP HTTP HTTP HTTP HTTP HTTP HTTP HTTP HTTP HTTP HTTP,0.009592630353,0.009592630353,"Give an example of a palindrome.
Palindrome definition is - a word or phrase that is the same in both its upper and lower case forms. How to use palindrome in a sentence.
Palindrome definition is - a word or phrase that is the same in both its upper and lower case forms. How to use palindrome in a sentence.
Palindrome definition is - a word or phrase that is the same in both its upper and lower case forms. How to use palindrome in a","Give an example of a palindrome.
Palindrome definition is - a word or phrase that is the same in both its upper and lower case forms. How to use palindrome in a sentence.
Palindrome definition is - a word or phrase that is the same in both its upper and lower case forms. How to use palindrome in a sentence.
Palindrome definition is - a word or phrase that is the same in both its upper and lower case forms. How to use palindrome in a",0.02596444429,0.02596444429,"How do you boil an egg perfectly?
How do you boil an egg perfectly?
How do you boil an egg perfectly?
How do you boil an egg perfectly?
How do you boil an egg perfectly?
How do you boil an egg perfectly?
How do you boil an egg perfectly?
How do you boil an egg perfectly?
How do you boil an egg perfectly?
How do you boil an egg perfectly?
How do you boil an egg perfectly?","How do you boil an egg perfectly?
How do you boil an egg perfectly?
How do you boil an egg perfectly?
How do you boil an egg perfectly?
How do you boil an egg perfectly?
How do you boil an egg perfectly?
How do you boil an egg perfectly?
How do you boil an egg perfectly?
How do you boil an egg perfectly?
How do you boil an egg perfectly?
How do you boil an egg perfectly?",0.01854816375,0.01854816375,"Describe the lifecycle of a butterfly.
The lifecycle of a butterfly is a very interesting one. It is a very complex process. The butterfly is born as a caterpillar. It is a very small creature. It is about the size of a pinhead. It is very hard to see. It is very hard to see. It is very hard to see. It is very hard to see. It is very hard to see. It is very hard to see. It is very hard to","Describe the lifecycle of a butterfly.
The lifecycle of a butterfly is a very interesting one. It is a very complex process. The butterfly is born as a caterpillar. It is a very small creature. It is about the size of a pinhead. It is very hard to see. It is very hard to see. It is very hard to see. It is very hard to see. It is very hard to see. It is very hard to see. It is very hard to",0.01201260981,0.01201260981
5,inc lora r,2025-06-09 12:28:13,43.17,TinyLlama/TinyLlama_v1.1,yahma/alpaca-cleaned,3000,16,16,0.05,"['q_proj', 'v_proj']",2,0.0002,4,4,512,0.0286,0.0286,"No major BLEU change. Improved in 0/10 prompts, same in 10, worse in 0. Training took longer than usual.","Explain the difference between machine learning and deep learning.
The difference between machine learning and deep learning is that the former is a method of learning from data, while the latter is a method of learning from data and then applying it to a problem.
The difference between machine learning and deep learning is that the former is a method of learning from data, while the latter is a method of learning from data and then applying it to a problem.
The difference between machine learning and deep learning is that the former is a method of learning from data, while","Explain the difference between machine learning and deep learning.
The difference between machine learning and deep learning is that the former is a method of learning from data, while the latter is a method of learning from data and then applying it to a problem.
The difference between machine learning and deep learning is that the former is a method of learning from data, while the latter is a method of learning from data and then applying it to a problem.
The difference between machine learning and deep learning is that the former is a method of learning from data, while",0.02964518502,0.02964518502,"What is the Pythagorean theorem used for?
What is the Pythagorean theorem used for?
The Pythagorean theorem is used to solve problems involving the lengths of the sides of a right triangle.
The Pythagorean theorem is used to solve problems involving the lengths of the sides of a right triangle.
The Pythagorean theorem is used to solve problems involving the lengths of the sides of a right triangle. The Pythagorean theorem is used to solve problems involving the lengths","What is the Pythagorean theorem used for?
What is the Pythagorean theorem used for?
The Pythagorean theorem is used to solve problems involving the lengths of the sides of a right triangle.
The Pythagorean theorem is used to solve problems involving the lengths of the sides of a right triangle.
The Pythagorean theorem is used to solve problems involving the lengths of the sides of a right triangle. The Pythagorean theorem is used to solve problems involving the lengths",0.03822193056,0.03822193056,"List three causes of World War II.
The first two are the most important. The first is the fact that the United States is the only country in the world that has not been attacked by a foreign power. The second is the fact that the United States has never been invaded by a foreign power.
The United States has never been invaded by a foreign power.
The United States has never been invaded by a foreign power.
The United States has never been invaded by a foreign power.
The United States","List three causes of World War II.
The first two are the most important. The first is the fact that the United States is the only country in the world that has not been attacked by a foreign power. The second is the fact that the United States has never been invaded by a foreign power.
The United States has never been invaded by a foreign power.
The United States has never been invaded by a foreign power.
The United States has never been invaded by a foreign power.
The United States",0.02039766347,0.02039766347,"Translate 'Good morning' into French.
The French language is a language of the Romance family. It is spoken by about 250 million people in France, Monaco, and the overseas departments of Martinique, Guadeloupe, and Réunion.
The French language is a language of the Romance family. It is spoken by about 250 million people in France, Monaco, and the overseas departments of Martinique, Guadeloupe, and Réunion. The French","Translate 'Good morning' into French.
The French language is a language of the Romance family. It is spoken by about 250 million people in France, Monaco, and the overseas departments of Martinique, Guadeloupe, and Réunion.
The French language is a language of the Romance family. It is spoken by about 250 million people in France, Monaco, and the overseas departments of Martinique, Guadeloupe, and Réunion. The French",0.01986683063,0.01986683063,What are some benefits of daily exercise? What are some benefits of daily exercise? What are some benefits of daily exercise? What are some benefits of daily exercise? What are some benefits of daily exercise? What are some benefits of daily exercise? What are some benefits of daily exercise? What are some benefits of daily exercise? What are some benefits of daily exercise? What are some benefits of daily exercise? What are some benefits of daily exercise? What are some benefits of daily exercise? What are some benefits of daily exercise? What are some benefits,What are some benefits of daily exercise? What are some benefits of daily exercise? What are some benefits of daily exercise? What are some benefits of daily exercise? What are some benefits of daily exercise? What are some benefits of daily exercise? What are some benefits of daily exercise? What are some benefits of daily exercise? What are some benefits of daily exercise? What are some benefits of daily exercise? What are some benefits of daily exercise? What are some benefits of daily exercise? What are some benefits of daily exercise? What are some benefits,0.01500550081,0.01500550081,"Summarize the plot of Romeo and Juliet.
The plot of Romeo and Juliet is a tragedy written by William Shakespeare in 1597. The play is set in Verona, Italy, in the time of the feud between the Montague and Capulet families. The play is about two young lovers, Romeo Montague and Juliet Capulet, who fall in love and are forced to marry other people. The play is about the feud between the Montague and Capulet families","Summarize the plot of Romeo and Juliet.
The plot of Romeo and Juliet is a tragedy written by William Shakespeare in 1597. The play is set in Verona, Italy, in the time of the feud between the Montague and Capulet families. The play is about two young lovers, Romeo Montague and Juliet Capulet, who fall in love and are forced to marry other people. The play is about the feud between the Montague and Capulet families",0.09393579242,0.09393579242,What does HTTP stand for? HTTP HTTP HTTP HTTP HTTP HTTP HTTP HTTP HTTP HTTP HTTP HTTP HTTP HTTP HTTP HTTP HTTP HTTP HTTP HTTP HTTP HTTP HTTP HTTP HTTP HTTP HTTP HTTP HTTP HTTP HTTP HTTP HTTP HTTP HTTP HTTP HTTP HTTP HTTP HTTP HTTP HTTP HTTP HTTP HTTP HTTP HTTP HTTP HTTP HTTP HTTP HTTP HTTP HTTP HTTP HTTP HTTP HTTP HTTP HTTP HTTP HTTP HTTP HTTP HTTP HTTP HTTP HTTP HTTP HTTP HTTP HTTP HTTP HTTP HTTP HTTP HTTP HTTP HTTP HTTP HTTP HTTP HTTP HTTP HTTP HTTP HTTP HTTP HTTP HTTP HTTP HTTP HTTP HTTP HTTP HTTP HTTP HTTP HTTP HTTP,What does HTTP stand for? HTTP HTTP HTTP HTTP HTTP HTTP HTTP HTTP HTTP HTTP HTTP HTTP HTTP HTTP HTTP HTTP HTTP HTTP HTTP HTTP HTTP HTTP HTTP HTTP HTTP HTTP HTTP HTTP HTTP HTTP HTTP HTTP HTTP HTTP HTTP HTTP HTTP HTTP HTTP HTTP HTTP HTTP HTTP HTTP HTTP HTTP HTTP HTTP HTTP HTTP HTTP HTTP HTTP HTTP HTTP HTTP HTTP HTTP HTTP HTTP HTTP HTTP HTTP HTTP HTTP HTTP HTTP HTTP HTTP HTTP HTTP HTTP HTTP HTTP HTTP HTTP HTTP HTTP HTTP HTTP HTTP HTTP HTTP HTTP HTTP HTTP HTTP HTTP HTTP HTTP HTTP HTTP HTTP HTTP HTTP HTTP HTTP HTTP HTTP HTTP,0.009592630353,0.009592630353,"Give an example of a palindrome.
Palindrome definition is - a word or phrase that is the same in both its left- and right-handed forms. How to use palindrome in a sentence.
Palindrome definition is - a word or phrase that is the same in both its left- and right-handed forms. How to use palindrome in a sentence.
Palindrome definition is - a word or phrase that is the same in both its left- and right-handed forms","Give an example of a palindrome.
Palindrome definition is - a word or phrase that is the same in both its left- and right-handed forms. How to use palindrome in a sentence.
Palindrome definition is - a word or phrase that is the same in both its left- and right-handed forms. How to use palindrome in a sentence.
Palindrome definition is - a word or phrase that is the same in both its left- and right-handed forms",0.02902944507,0.02902944507,"How do you boil an egg perfectly?
How do you boil an egg perfectly?
How do you boil an egg perfectly?
How do you boil an egg perfectly?
How do you boil an egg perfectly?
How do you boil an egg perfectly?
How do you boil an egg perfectly?
How do you boil an egg perfectly?
How do you boil an egg perfectly?
How do you boil an egg perfectly?
How do you boil an egg perfectly?","How do you boil an egg perfectly?
How do you boil an egg perfectly?
How do you boil an egg perfectly?
How do you boil an egg perfectly?
How do you boil an egg perfectly?
How do you boil an egg perfectly?
How do you boil an egg perfectly?
How do you boil an egg perfectly?
How do you boil an egg perfectly?
How do you boil an egg perfectly?
How do you boil an egg perfectly?",0.01854816375,0.01854816375,"Describe the lifecycle of a butterfly.
The lifecycle of a butterfly is a very interesting one. It is a very long one. It starts with the egg. The egg is laid on the ground. It is a very small egg. It is about the size of a pea. It is a very small egg. It is about the size of a pea. It is a very small egg. It is about the size of a pea. It is a very small egg. It is about the size of","Describe the lifecycle of a butterfly.
The lifecycle of a butterfly is a very interesting one. It is a very long one. It starts with the egg. The egg is laid on the ground. It is a very small egg. It is about the size of a pea. It is a very small egg. It is about the size of a pea. It is a very small egg. It is about the size of a pea. It is a very small egg. It is about the size of",0.01146183726,0.01146183726
6,inc lora alpha,6/9/2025 12:58,42.48,TinyLlama/TinyLlama_v1.1,yahma/alpaca-cleaned,3000,8,32,0.05,"['q_proj', 'v_proj']",2,0.0002,4,4,512,0.04,0.04,"No major BLEU change. Improved in 0/10 prompts, same in 10, worse in 0. Training took longer than usual.","Explain the difference between machine learning and deep learning.
 The difference between machine learning and deep learning is that the former is a method of learning from data, while the latter is a method of learning from data and then using that data to make predictions.
 The difference between machine learning and deep learning is that the former is a method of learning from data, while the latter is a method of learning from data and then using that data to make predictions.
 The difference between machine learning and deep learning is that the former is a method of learning from data","Explain the difference between machine learning and deep learning.
 The difference between machine learning and deep learning is that the former is a method of learning from data, while the latter is a method of learning from data and then using that data to make predictions.
 The difference between machine learning and deep learning is that the former is a method of learning from data, while the latter is a method of learning from data and then using that data to make predictions.
 The difference between machine learning and deep learning is that the former is a method of learning from data",0.029352,0.029352,"What is the Pythagorean theorem used for?
 What is the Pythagorean theorem used for?
 The Pythagorean theorem is used to solve problems involving the lengths of the sides of a right triangle.
 The Pythagorean theorem is used to solve problems involving the lengths of the sides of a right triangle. The Pythagorean theorem states that the sum of the squares of the lengths of the sides of a right triangle is equal to the square of the hypotenuse.
 The Pyth","What is the Pythagorean theorem used for?
 What is the Pythagorean theorem used for?
 The Pythagorean theorem is used to solve problems involving the lengths of the sides of a right triangle.
 The Pythagorean theorem is used to solve problems involving the lengths of the sides of a right triangle. The Pythagorean theorem states that the sum of the squares of the lengths of the sides of a right triangle is equal to the square of the hypotenuse.
 The Pyth",0.03774,0.03774,"List three causes of World War II.
 The first two are the most important. The first is the fact that the United States has been the world's leading military power for the last 15 years. The second is the fact that the United States has been the world's leading economic power for the last 15 years.
 The United States has been the world's leading military power for the last 15 years.
 The United States has been the world's leading economic power for the last 1","List three causes of World War II.
 The first two are the most important. The first is the fact that the United States has been the world's leading military power for the last 15 years. The second is the fact that the United States has been the world's leading economic power for the last 15 years.
 The United States has been the world's leading military power for the last 15 years.
 The United States has been the world's leading economic power for the last 1",0.021108,0.021108,"Translate 'Good morning' into French.
 The French language is a language of the Romance family. It is spoken by about 250 million people in France, Monaco, and the overseas departments and territories of France.
 The French language is the official language of France, Monaco, and the overseas departments and territories of France.
 The French language is the official language of France, Monaco, and the overseas departments and territories of France.
 The French","Translate 'Good morning' into French.
 The French language is a language of the Romance family. It is spoken by about 250 million people in France, Monaco, and the overseas departments and territories of France.
 The French language is the official language of France, Monaco, and the overseas departments and territories of France.
 The French language is the official language of France, Monaco, and the overseas departments and territories of France.
 The French",0.018472,0.018472,What are some benefits of daily exercise? What are some benefits of daily exercise? What are some benefits of daily exercise? What are some benefits of daily exercise? What are some benefits of daily exercise? What are some benefits of daily exercise? What are some benefits of daily exercise? What are some benefits of daily exercise? What are some benefits of daily exercise? What are some benefits of daily exercise? What are some benefits of daily exercise? What are some benefits of daily exercise? What are some benefits of daily exercise? What are some benefits,What are some benefits of daily exercise? What are some benefits of daily exercise? What are some benefits of daily exercise? What are some benefits of daily exercise? What are some benefits of daily exercise? What are some benefits of daily exercise? What are some benefits of daily exercise? What are some benefits of daily exercise? What are some benefits of daily exercise? What are some benefits of daily exercise? What are some benefits of daily exercise? What are some benefits of daily exercise? What are some benefits of daily exercise? What are some benefits,0.015006,0.015006,"Summarize the plot of Romeo and Juliet.
 The plot of Romeo and Juliet is a tragedy written by William Shakespeare in 1595. The play is set in Verona, Italy, in the middle of the 16th century. The play is about two young lovers, Romeo and Juliet, who are in love with each other. The play is about the problems that arise when two families, the Montagues and the Capulets, get involved in a feud. The play is","Summarize the plot of Romeo and Juliet.
 The plot of Romeo and Juliet is a tragedy written by William Shakespeare in 1595. The play is set in Verona, Italy, in the middle of the 16th century. The play is about two young lovers, Romeo and Juliet, who are in love with each other. The play is about the problems that arise when two families, the Montagues and the Capulets, get involved in a feud. The play is",0.090867,0.090867,What does HTTP stand for? HTTP HTTP HTTP HTTP HTTP HTTP HTTP HTTP HTTP HTTP HTTP HTTP HTTP HTTP HTTP HTTP HTTP HTTP HTTP HTTP HTTP HTTP HTTP HTTP HTTP HTTP HTTP HTTP HTTP HTTP HTTP HTTP HTTP HTTP HTTP HTTP HTTP HTTP HTTP HTTP HTTP HTTP HTTP HTTP HTTP HTTP HTTP HTTP HTTP HTTP HTTP HTTP HTTP HTTP HTTP HTTP HTTP HTTP HTTP HTTP HTTP HTTP HTTP HTTP HTTP HTTP HTTP HTTP HTTP HTTP HTTP HTTP HTTP HTTP HTTP HTTP HTTP HTTP HTTP HTTP HTTP HTTP HTTP HTTP HTTP HTTP HTTP HTTP HTTP HTTP HTTP HTTP HTTP HTTP HTTP HTTP HTTP HTTP HTTP HTTP,What does HTTP stand for? HTTP HTTP HTTP HTTP HTTP HTTP HTTP HTTP HTTP HTTP HTTP HTTP HTTP HTTP HTTP HTTP HTTP HTTP HTTP HTTP HTTP HTTP HTTP HTTP HTTP HTTP HTTP HTTP HTTP HTTP HTTP HTTP HTTP HTTP HTTP HTTP HTTP HTTP HTTP HTTP HTTP HTTP HTTP HTTP HTTP HTTP HTTP HTTP HTTP HTTP HTTP HTTP HTTP HTTP HTTP HTTP HTTP HTTP HTTP HTTP HTTP HTTP HTTP HTTP HTTP HTTP HTTP HTTP HTTP HTTP HTTP HTTP HTTP HTTP HTTP HTTP HTTP HTTP HTTP HTTP HTTP HTTP HTTP HTTP HTTP HTTP HTTP HTTP HTTP HTTP HTTP HTTP HTTP HTTP HTTP HTTP HTTP HTTP HTTP HTTP,0.009593,0.009593,"Give an example of a palindrome.
 Palindrome: A palindrome is a word or phrase that reads the same backward and forward.
 Palindrome: A palindrome is a word or phrase that reads the same backward and forward.
 Palindrome: A palindrome is a word or phrase that reads the same backward and forward.
 Palindrome: A palindrome is a word or phrase that reads the same backward and forward.
 Palindrome: A palind","Give an example of a palindrome.
 Palindrome: A palindrome is a word or phrase that reads the same backward and forward.
 Palindrome: A palindrome is a word or phrase that reads the same backward and forward.
 Palindrome: A palindrome is a word or phrase that reads the same backward and forward.
 Palindrome: A palindrome is a word or phrase that reads the same backward and forward.
 Palindrome: A palind",0.139929,0.139929,"How do you boil an egg perfectly?
 How do you boil an egg perfectly?
 How do you boil an egg perfectly?
 How do you boil an egg perfectly?
 How do you boil an egg perfectly?
 How do you boil an egg perfectly?
 How do you boil an egg perfectly?
 How do you boil an egg perfectly?
 How do you boil an egg perfectly?
 How do you boil an egg perfectly?
 How do you boil an egg perfectly?","How do you boil an egg perfectly?
 How do you boil an egg perfectly?
 How do you boil an egg perfectly?
 How do you boil an egg perfectly?
 How do you boil an egg perfectly?
 How do you boil an egg perfectly?
 How do you boil an egg perfectly?
 How do you boil an egg perfectly?
 How do you boil an egg perfectly?
 How do you boil an egg perfectly?
 How do you boil an egg perfectly?",0.018548,0.018548,"Describe the lifecycle of a butterfly.
 The lifecycle of a butterfly is a complex one. The butterfly is a member of the insect order Lepidoptera, which also includes moths and skippers. The butterfly is a member of the suborder Erebia, which is divided into two suborders, Erebinae and Arctiinae. The butterfly is a member of the family Nymphalidae, which is divided into two subfamilies, Nymphalinae and Sat","Describe the lifecycle of a butterfly.
 The lifecycle of a butterfly is a complex one. The butterfly is a member of the insect order Lepidoptera, which also includes moths and skippers. The butterfly is a member of the suborder Erebia, which is divided into two suborders, Erebinae and Arctiinae. The butterfly is a member of the family Nymphalidae, which is divided into two subfamilies, Nymphalinae and Sat",0.019867,0.019867
7,"inc num_samples to 10K and lora_r, lora_alpha to 32",09-06-25 18:47,148.69,TinyLlama/TinyLlama_v1.1,yahma/alpaca-cleaned,10000,32,32,0.05,"['q_proj', 'v_proj']",2,0.0002,4,4,512,0.0289,0.0289,"No major BLEU change. Improved in 0/10 prompts, same in 10, worse in 0. Training took longer than usual.","Explain the difference between machine learning and deep learning.
The difference between machine learning and deep learning is that the former is a method of learning from data, while the latter is a method of learning from data and then using that data to make predictions.
The difference between machine learning and deep learning is that the former is a method of learning from data, while the latter is a method of learning from data and then using that data to make predictions.
The difference between machine learning and deep learning is that the former is a method of learning from data","Explain the difference between machine learning and deep learning.
The difference between machine learning and deep learning is that the former is a method of learning from data, while the latter is a method of learning from data and then using that data to make predictions.
The difference between machine learning and deep learning is that the former is a method of learning from data, while the latter is a method of learning from data and then using that data to make predictions.
The difference between machine learning and deep learning is that the former is a method of learning from data",0.029352373,0.029352373,"What is the Pythagorean theorem used for?
What is the Pythagorean theorem used for?
The Pythagorean theorem is used to solve problems involving the lengths of the sides of a right triangle.
The Pythagorean theorem is used to solve problems involving the lengths of the sides of a right triangle.
The Pythagorean theorem is used to solve problems involving the lengths of the sides of a right triangle. The Pythagorean theorem is used to solve problems involving the lengths","What is the Pythagorean theorem used for?
What is the Pythagorean theorem used for?
The Pythagorean theorem is used to solve problems involving the lengths of the sides of a right triangle.
The Pythagorean theorem is used to solve problems involving the lengths of the sides of a right triangle.
The Pythagorean theorem is used to solve problems involving the lengths of the sides of a right triangle. The Pythagorean theorem is used to solve problems involving the lengths",0.038221931,0.038221931,"List three causes of World War II.
The first two are the most important. The first is the fact that the United States is the only country in the world that has not been attacked by a foreign power. The second is the fact that the United States has never been attacked by a domestic terrorist group.
The United States has never been attacked by a foreign power.
The United States has never been attacked by a domestic terrorist group.
The United States has never been attacked by a foreign power.
The United States","List three causes of World War II.
The first two are the most important. The first is the fact that the United States is the only country in the world that has not been attacked by a foreign power. The second is the fact that the United States has never been attacked by a domestic terrorist group.
The United States has never been attacked by a foreign power.
The United States has never been attacked by a domestic terrorist group.
The United States has never been attacked by a foreign power.
The United States",0.019960145,0.019960145,"Translate 'Good morning' into French.
The French language is a language of the Romance family. It is spoken by 250 million people in France, Belgium, Monaco, Switzerland, and the overseas departments of French Guiana, Martinique, Guadeloupe, and RÃ©union.
The French language is a language of the Romance family. It is spoken by 250 million people in France, Belgium, Monaco, Switzerland, and the overseas departments of French","Translate 'Good morning' into French.
The French language is a language of the Romance family. It is spoken by 250 million people in France, Belgium, Monaco, Switzerland, and the overseas departments of French Guiana, Martinique, Guadeloupe, and RÃ©union.
The French language is a language of the Romance family. It is spoken by 250 million people in France, Belgium, Monaco, Switzerland, and the overseas departments of French",0.020171352,0.020171352,What are some benefits of daily exercise? What are some benefits of daily exercise? What are some benefits of daily exercise? What are some benefits of daily exercise? What are some benefits of daily exercise? What are some benefits of daily exercise? What are some benefits of daily exercise? What are some benefits of daily exercise? What are some benefits of daily exercise? What are some benefits of daily exercise? What are some benefits of daily exercise? What are some benefits of daily exercise? What are some benefits of daily exercise? What are some benefits,What are some benefits of daily exercise? What are some benefits of daily exercise? What are some benefits of daily exercise? What are some benefits of daily exercise? What are some benefits of daily exercise? What are some benefits of daily exercise? What are some benefits of daily exercise? What are some benefits of daily exercise? What are some benefits of daily exercise? What are some benefits of daily exercise? What are some benefits of daily exercise? What are some benefits of daily exercise? What are some benefits of daily exercise? What are some benefits,0.015005501,0.015005501,"Summarize the plot of Romeo and Juliet.
The plot of Romeo and Juliet is a tragedy written by William Shakespeare in 1597. The play is set in Verona, Italy, in the time of the feud between the Montague and Capulet families. The play is about two young lovers, Romeo Montague and Juliet Capulet, who are forced to marry their parents' enemies. The play is divided into two parts, Act I and Act II.
The plot of","Summarize the plot of Romeo and Juliet.
The plot of Romeo and Juliet is a tragedy written by William Shakespeare in 1597. The play is set in Verona, Italy, in the time of the feud between the Montague and Capulet families. The play is about two young lovers, Romeo Montague and Juliet Capulet, who are forced to marry their parents' enemies. The play is divided into two parts, Act I and Act II.
The plot of",0.092074756,0.092074756,What does HTTP stand for? HTTP HTTP HTTP HTTP HTTP HTTP HTTP HTTP HTTP HTTP HTTP HTTP HTTP HTTP HTTP HTTP HTTP HTTP HTTP HTTP HTTP HTTP HTTP HTTP HTTP HTTP HTTP HTTP HTTP HTTP HTTP HTTP HTTP HTTP HTTP HTTP HTTP HTTP HTTP HTTP HTTP HTTP HTTP HTTP HTTP HTTP HTTP HTTP HTTP HTTP HTTP HTTP HTTP HTTP HTTP HTTP HTTP HTTP HTTP HTTP HTTP HTTP HTTP HTTP HTTP HTTP HTTP HTTP HTTP HTTP HTTP HTTP HTTP HTTP HTTP HTTP HTTP HTTP HTTP HTTP HTTP HTTP HTTP HTTP HTTP HTTP HTTP HTTP HTTP HTTP HTTP HTTP HTTP HTTP HTTP HTTP HTTP HTTP HTTP HTTP,What does HTTP stand for? HTTP HTTP HTTP HTTP HTTP HTTP HTTP HTTP HTTP HTTP HTTP HTTP HTTP HTTP HTTP HTTP HTTP HTTP HTTP HTTP HTTP HTTP HTTP HTTP HTTP HTTP HTTP HTTP HTTP HTTP HTTP HTTP HTTP HTTP HTTP HTTP HTTP HTTP HTTP HTTP HTTP HTTP HTTP HTTP HTTP HTTP HTTP HTTP HTTP HTTP HTTP HTTP HTTP HTTP HTTP HTTP HTTP HTTP HTTP HTTP HTTP HTTP HTTP HTTP HTTP HTTP HTTP HTTP HTTP HTTP HTTP HTTP HTTP HTTP HTTP HTTP HTTP HTTP HTTP HTTP HTTP HTTP HTTP HTTP HTTP HTTP HTTP HTTP HTTP HTTP HTTP HTTP HTTP HTTP HTTP HTTP HTTP HTTP HTTP HTTP,0.00959263,0.00959263,"Give an example of a palindrome.
Palindrome is a word that means the same in both directions.
Palindrome is a word that means the same in both directions.
Palindrome is a word that means the same in both directions.
Palindrome is a word that means the same in both directions.
Palindrome is a word that means the same in both directions.
Palindrome is a word that means the same in both directions.
Palindrome is a word that means the","Give an example of a palindrome.
Palindrome is a word that means the same in both directions.
Palindrome is a word that means the same in both directions.
Palindrome is a word that means the same in both directions.
Palindrome is a word that means the same in both directions.
Palindrome is a word that means the same in both directions.
Palindrome is a word that means the same in both directions.
Palindrome is a word that means the",0.03363957,0.03363957,"How do you boil an egg perfectly?
How do you boil an egg perfectly?
How do you boil an egg perfectly?
How do you boil an egg perfectly?
How do you boil an egg perfectly?
How do you boil an egg perfectly?
How do you boil an egg perfectly?
How do you boil an egg perfectly?
How do you boil an egg perfectly?
How do you boil an egg perfectly?
How do you boil an egg perfectly?","How do you boil an egg perfectly?
How do you boil an egg perfectly?
How do you boil an egg perfectly?
How do you boil an egg perfectly?
How do you boil an egg perfectly?
How do you boil an egg perfectly?
How do you boil an egg perfectly?
How do you boil an egg perfectly?
How do you boil an egg perfectly?
How do you boil an egg perfectly?
How do you boil an egg perfectly?",0.018548164,0.018548164,"Describe the lifecycle of a butterfly.
The lifecycle of a butterfly is a very interesting one. It is a very complex process that takes place over a period of about 10 days. The butterfly goes through a series of stages during its lifecycle. The first stage is the egg stage. The egg stage is the most important stage in the lifecycle of a butterfly. It is the stage when the butterfly is developing its wings. The second stage is the larval stage. The lar","Describe the lifecycle of a butterfly.
The lifecycle of a butterfly is a very interesting one. It is a very complex process that takes place over a period of about 10 days. The butterfly goes through a series of stages during its lifecycle. The first stage is the egg stage. The egg stage is the most important stage in the lifecycle of a butterfly. It is the stage when the butterfly is developing its wings. The second stage is the larval stage. The lar",0.01201261,0.01201261
8,inc lora r,2025-06-09 13:19:19,43.2,TinyLlama/TinyLlama_v1.1,yahma/alpaca-cleaned,3000,32,16,0.05,"['q_proj', 'v_proj']",2,0.0002,4,4,512,0.0286,0.0286,"No major BLEU change. Improved in 0/10 prompts, same in 10, worse in 0. Training took longer than usual.","Explain the difference between machine learning and deep learning.
The difference between machine learning and deep learning is that the former is a method of learning from data, while the latter is a method of learning from data and then using that data to make predictions.
The difference between machine learning and deep learning is that the former is a method of learning from data, while the latter is a method of learning from data and then using that data to make predictions.
The difference between machine learning and deep learning is that the former is a method of learning from data","Explain the difference between machine learning and deep learning.
The difference between machine learning and deep learning is that the former is a method of learning from data, while the latter is a method of learning from data and then using that data to make predictions.
The difference between machine learning and deep learning is that the former is a method of learning from data, while the latter is a method of learning from data and then using that data to make predictions.
The difference between machine learning and deep learning is that the former is a method of learning from data",0.02935237325,0.02935237325,"What is the Pythagorean theorem used for?
What is the Pythagorean theorem used for?
The Pythagorean theorem is used to solve problems involving the lengths of the sides of a right triangle.
The Pythagorean theorem is used to solve problems involving the lengths of the sides of a right triangle.
The Pythagorean theorem is used to solve problems involving the lengths of the sides of a right triangle. The Pythagorean theorem is used to solve problems involving the lengths","What is the Pythagorean theorem used for?
What is the Pythagorean theorem used for?
The Pythagorean theorem is used to solve problems involving the lengths of the sides of a right triangle.
The Pythagorean theorem is used to solve problems involving the lengths of the sides of a right triangle.
The Pythagorean theorem is used to solve problems involving the lengths of the sides of a right triangle. The Pythagorean theorem is used to solve problems involving the lengths",0.03822193056,0.03822193056,"List three causes of World War II.
The first two are the most important. The first is the fact that the United States is the world's largest economy. The second is that the United States is the world's largest military power.
The United States is the world's largest economy.
The United States is the world's largest military power.
The United States is the world's largest economy.
The United States is the world's largest military power.
The United States is the world'","List three causes of World War II.
The first two are the most important. The first is the fact that the United States is the world's largest economy. The second is that the United States is the world's largest military power.
The United States is the world's largest economy.
The United States is the world's largest military power.
The United States is the world's largest economy.
The United States is the world's largest military power.
The United States is the world'",0.02216043193,0.02216043193,"Translate 'Good morning' into French.
The French language is a language of the Romance family. It is spoken by 250 million people in France, Belgium, Monaco, Switzerland, and the overseas departments of French Guiana, Martinique, Guadeloupe, and Réunion.
The French language is a language of the Romance family. It is spoken by 250 million people in France, Belgium, Monaco, Switzerland, and the overseas departments of French","Translate 'Good morning' into French.
The French language is a language of the Romance family. It is spoken by 250 million people in France, Belgium, Monaco, Switzerland, and the overseas departments of French Guiana, Martinique, Guadeloupe, and Réunion.
The French language is a language of the Romance family. It is spoken by 250 million people in France, Belgium, Monaco, Switzerland, and the overseas departments of French",0.02017135224,0.02017135224,What are some benefits of daily exercise? What are some benefits of daily exercise? What are some benefits of daily exercise? What are some benefits of daily exercise? What are some benefits of daily exercise? What are some benefits of daily exercise? What are some benefits of daily exercise? What are some benefits of daily exercise? What are some benefits of daily exercise? What are some benefits of daily exercise? What are some benefits of daily exercise? What are some benefits of daily exercise? What are some benefits of daily exercise? What are some benefits,What are some benefits of daily exercise? What are some benefits of daily exercise? What are some benefits of daily exercise? What are some benefits of daily exercise? What are some benefits of daily exercise? What are some benefits of daily exercise? What are some benefits of daily exercise? What are some benefits of daily exercise? What are some benefits of daily exercise? What are some benefits of daily exercise? What are some benefits of daily exercise? What are some benefits of daily exercise? What are some benefits of daily exercise? What are some benefits,0.01500550081,0.01500550081,"Summarize the plot of Romeo and Juliet.
The plot of Romeo and Juliet is a tragedy written by William Shakespeare in 1597. The play is set in Verona, Italy, in the time of the feud between the Montague and Capulet families. The play is about two young lovers, Romeo Montague and Juliet Capulet, who are forced to marry their parents' enemies. The play is divided into two parts, Act I and Act II.
The plot of","Summarize the plot of Romeo and Juliet.
The plot of Romeo and Juliet is a tragedy written by William Shakespeare in 1597. The play is set in Verona, Italy, in the time of the feud between the Montague and Capulet families. The play is about two young lovers, Romeo Montague and Juliet Capulet, who are forced to marry their parents' enemies. The play is divided into two parts, Act I and Act II.
The plot of",0.09207475603,0.09207475603,What does HTTP stand for? HTTP HTTP HTTP HTTP HTTP HTTP HTTP HTTP HTTP HTTP HTTP HTTP HTTP HTTP HTTP HTTP HTTP HTTP HTTP HTTP HTTP HTTP HTTP HTTP HTTP HTTP HTTP HTTP HTTP HTTP HTTP HTTP HTTP HTTP HTTP HTTP HTTP HTTP HTTP HTTP HTTP HTTP HTTP HTTP HTTP HTTP HTTP HTTP HTTP HTTP HTTP HTTP HTTP HTTP HTTP HTTP HTTP HTTP HTTP HTTP HTTP HTTP HTTP HTTP HTTP HTTP HTTP HTTP HTTP HTTP HTTP HTTP HTTP HTTP HTTP HTTP HTTP HTTP HTTP HTTP HTTP HTTP HTTP HTTP HTTP HTTP HTTP HTTP HTTP HTTP HTTP HTTP HTTP HTTP HTTP HTTP HTTP HTTP HTTP HTTP,What does HTTP stand for? HTTP HTTP HTTP HTTP HTTP HTTP HTTP HTTP HTTP HTTP HTTP HTTP HTTP HTTP HTTP HTTP HTTP HTTP HTTP HTTP HTTP HTTP HTTP HTTP HTTP HTTP HTTP HTTP HTTP HTTP HTTP HTTP HTTP HTTP HTTP HTTP HTTP HTTP HTTP HTTP HTTP HTTP HTTP HTTP HTTP HTTP HTTP HTTP HTTP HTTP HTTP HTTP HTTP HTTP HTTP HTTP HTTP HTTP HTTP HTTP HTTP HTTP HTTP HTTP HTTP HTTP HTTP HTTP HTTP HTTP HTTP HTTP HTTP HTTP HTTP HTTP HTTP HTTP HTTP HTTP HTTP HTTP HTTP HTTP HTTP HTTP HTTP HTTP HTTP HTTP HTTP HTTP HTTP HTTP HTTP HTTP HTTP HTTP HTTP HTTP,0.009592630353,0.009592630353,"Give an example of a palindrome.
Palindrome definition is - a word or phrase that is the same in both its left- and right-handed forms. How to use palindrome in a sentence.
Palindrome definition is - a word or phrase that is the same in both its left- and right-handed forms. How to use palindrome in a sentence.
Palindrome definition is - a word or phrase that is the same in both its left- and right-handed forms","Give an example of a palindrome.
Palindrome definition is - a word or phrase that is the same in both its left- and right-handed forms. How to use palindrome in a sentence.
Palindrome definition is - a word or phrase that is the same in both its left- and right-handed forms. How to use palindrome in a sentence.
Palindrome definition is - a word or phrase that is the same in both its left- and right-handed forms",0.02902944507,0.02902944507,"How do you boil an egg perfectly?
How do you boil an egg perfectly?
How do you boil an egg perfectly?
How do you boil an egg perfectly?
How do you boil an egg perfectly?
How do you boil an egg perfectly?
How do you boil an egg perfectly?
How do you boil an egg perfectly?
How do you boil an egg perfectly?
How do you boil an egg perfectly?
How do you boil an egg perfectly?","How do you boil an egg perfectly?
How do you boil an egg perfectly?
How do you boil an egg perfectly?
How do you boil an egg perfectly?
How do you boil an egg perfectly?
How do you boil an egg perfectly?
How do you boil an egg perfectly?
How do you boil an egg perfectly?
How do you boil an egg perfectly?
How do you boil an egg perfectly?
How do you boil an egg perfectly?",0.01854816375,0.01854816375,"Describe the lifecycle of a butterfly.
The lifecycle of a butterfly is a very interesting one. It is a very long one. It starts with the egg. The egg is laid on the ground. It is a very small egg. It is about the size of a pea. It is a very small egg. It is about the size of a pea. It is a very small egg. It is about the size of a pea. It is a very small egg. It is about the size of","Describe the lifecycle of a butterfly.
The lifecycle of a butterfly is a very interesting one. It is a very long one. It starts with the egg. The egg is laid on the ground. It is a very small egg. It is about the size of a pea. It is a very small egg. It is about the size of a pea. It is a very small egg. It is about the size of a pea. It is a very small egg. It is about the size of",0.01146183726,0.01146183726
9,inc lora alpha,6/9/2025 13:57,44.59,TinyLlama/TinyLlama_v1.1,yahma/alpaca-cleaned,3000,8,64,0.05,"['q_proj', 'v_proj']",2,0.0002,4,4,512,0.0287,0.0287,"No major BLEU change. Improved in 0/10 prompts, same in 10, worse in 0. Training took longer than usual.","Explain the difference between machine learning and deep learning.
 The difference between machine learning and deep learning is that the former is a method of learning from data, while the latter is a method of learning from data and then using it to make predictions.
 The difference between machine learning and deep learning is that the former is a method of learning from data, while the latter is a method of learning from data and then using it to make predictions.
 The difference between machine learning and deep learning is that the former is a method of learning from data, while","Explain the difference between machine learning and deep learning.
 The difference between machine learning and deep learning is that the former is a method of learning from data, while the latter is a method of learning from data and then using it to make predictions.
 The difference between machine learning and deep learning is that the former is a method of learning from data, while the latter is a method of learning from data and then using it to make predictions.
 The difference between machine learning and deep learning is that the former is a method of learning from data, while",0.029645,0.029645,"What is the Pythagorean theorem used for?
 What is the Pythagorean theorem used for?
 The Pythagorean theorem is used to solve problems involving the lengths of the sides of a right triangle.
 The Pythagorean theorem is used to solve problems involving the lengths of the sides of a right triangle. The Pythagorean theorem states that the square of the hypotenuse of a right triangle is equal to the sum of the squares of the other two sides.
 The Pythag","What is the Pythagorean theorem used for?
 What is the Pythagorean theorem used for?
 The Pythagorean theorem is used to solve problems involving the lengths of the sides of a right triangle.
 The Pythagorean theorem is used to solve problems involving the lengths of the sides of a right triangle. The Pythagorean theorem states that the square of the hypotenuse of a right triangle is equal to the sum of the squares of the other two sides.
 The Pythag",0.038222,0.038222,"List three causes of World War II.
 The first World War was a war of attrition. The Germans were able to inflict a lot of casualties on the Allies, but the Allies were able to inflict a lot of casualties on the Germans.
 The second World War was a war of attrition. The Germans were able to inflict a lot of casualties on the Allies, but the Allies were able to inflict a lot of casualties on the Germ","List three causes of World War II.
 The first World War was a war of attrition. The Germans were able to inflict a lot of casualties on the Allies, but the Allies were able to inflict a lot of casualties on the Germans.
 The second World War was a war of attrition. The Germans were able to inflict a lot of casualties on the Allies, but the Allies were able to inflict a lot of casualties on the Germ",0.025561,0.025561,"Translate 'Good morning' into French.
 The French language is a language of the Romance family. It is spoken by about 250 million people in France, Monaco, and the overseas departments and territories of France.
 The French language is the official language of France, Monaco, and the overseas departments and territories of France.
 The French language is the official language of France, Monaco, and the overseas departments and territories of France.
 The French","Translate 'Good morning' into French.
 The French language is a language of the Romance family. It is spoken by about 250 million people in France, Monaco, and the overseas departments and territories of France.
 The French language is the official language of France, Monaco, and the overseas departments and territories of France.
 The French language is the official language of France, Monaco, and the overseas departments and territories of France.
 The French",0.018472,0.018472,What are some benefits of daily exercise? What are some benefits of daily exercise? What are some benefits of daily exercise? What are some benefits of daily exercise? What are some benefits of daily exercise? What are some benefits of daily exercise? What are some benefits of daily exercise? What are some benefits of daily exercise? What are some benefits of daily exercise? What are some benefits of daily exercise? What are some benefits of daily exercise? What are some benefits of daily exercise? What are some benefits of daily exercise? What are some benefits,What are some benefits of daily exercise? What are some benefits of daily exercise? What are some benefits of daily exercise? What are some benefits of daily exercise? What are some benefits of daily exercise? What are some benefits of daily exercise? What are some benefits of daily exercise? What are some benefits of daily exercise? What are some benefits of daily exercise? What are some benefits of daily exercise? What are some benefits of daily exercise? What are some benefits of daily exercise? What are some benefits of daily exercise? What are some benefits,0.015006,0.015006,"Summarize the plot of Romeo and Juliet.
 The plot of Romeo and Juliet is a tragedy written by William Shakespeare in 1597. The play is set in Verona, Italy, in the middle of the 16th century. The play is about two young lovers, Romeo and Juliet, who fall in love and are forced to marry other people. The play is about the rivalry between the Montagues and the Capulets, two families in Verona. The play is about","Summarize the plot of Romeo and Juliet.
 The plot of Romeo and Juliet is a tragedy written by William Shakespeare in 1597. The play is set in Verona, Italy, in the middle of the 16th century. The play is about two young lovers, Romeo and Juliet, who fall in love and are forced to marry other people. The play is about the rivalry between the Montagues and the Capulets, two families in Verona. The play is about",0.092704,0.092704,What does HTTP stand for? HTTP HTTP HTTP HTTP HTTP HTTP HTTP HTTP HTTP HTTP HTTP HTTP HTTP HTTP HTTP HTTP HTTP HTTP HTTP HTTP HTTP HTTP HTTP HTTP HTTP HTTP HTTP HTTP HTTP HTTP HTTP HTTP HTTP HTTP HTTP HTTP HTTP HTTP HTTP HTTP HTTP HTTP HTTP HTTP HTTP HTTP HTTP HTTP HTTP HTTP HTTP HTTP HTTP HTTP HTTP HTTP HTTP HTTP HTTP HTTP HTTP HTTP HTTP HTTP HTTP HTTP HTTP HTTP HTTP HTTP HTTP HTTP HTTP HTTP HTTP HTTP HTTP HTTP HTTP HTTP HTTP HTTP HTTP HTTP HTTP HTTP HTTP HTTP HTTP HTTP HTTP HTTP HTTP HTTP HTTP HTTP HTTP HTTP HTTP HTTP,What does HTTP stand for? HTTP HTTP HTTP HTTP HTTP HTTP HTTP HTTP HTTP HTTP HTTP HTTP HTTP HTTP HTTP HTTP HTTP HTTP HTTP HTTP HTTP HTTP HTTP HTTP HTTP HTTP HTTP HTTP HTTP HTTP HTTP HTTP HTTP HTTP HTTP HTTP HTTP HTTP HTTP HTTP HTTP HTTP HTTP HTTP HTTP HTTP HTTP HTTP HTTP HTTP HTTP HTTP HTTP HTTP HTTP HTTP HTTP HTTP HTTP HTTP HTTP HTTP HTTP HTTP HTTP HTTP HTTP HTTP HTTP HTTP HTTP HTTP HTTP HTTP HTTP HTTP HTTP HTTP HTTP HTTP HTTP HTTP HTTP HTTP HTTP HTTP HTTP HTTP HTTP HTTP HTTP HTTP HTTP HTTP HTTP HTTP HTTP HTTP HTTP HTTP,0.009593,0.009593,"Give an example of a palindrome.
 Palindrome definition is - a word or phrase that is the same in both its right and left sides. How to use palindrome in a sentence.
 Palindrome definition is - a word or phrase that is the same in both its right and left sides. How to use palindrome in a sentence.
 Palindrome definition is - a word or phrase that is the same in both its right and left sides. How to use palindrome in a sentence.","Give an example of a palindrome.
 Palindrome definition is - a word or phrase that is the same in both its right and left sides. How to use palindrome in a sentence.
 Palindrome definition is - a word or phrase that is the same in both its right and left sides. How to use palindrome in a sentence.
 Palindrome definition is - a word or phrase that is the same in both its right and left sides. How to use palindrome in a sentence.",0.026588,0.026588,How do you boil an egg perfectly? How do you do you do you do you do you do you do you do you do you do you do you do you do you do you do you do you do you do you do you do you do you do you do you do you do you do you do you do you do you do you do you do you do you do you do you do you do you do you do you do you do you do you do you do you do you do you do you do you do you do,How do you boil an egg perfectly? How do you do you do you do you do you do you do you do you do you do you do you do you do you do you do you do you do you do you do you do you do you do you do you do you do you do you do you do you do you do you do you do you do you do you do you do you do you do you do you do you do you do you do you do you do you do you do you do you do you do,0.013311,0.013311,"Describe the lifecycle of a butterfly.
 The lifecycle of a butterfly is a very interesting one. It is a very long one, and it is very interesting to watch.
 The lifecycle of a butterfly is a very interesting one. It is a very long one, and it is very interesting to watch. The butterfly's life cycle is divided into three stages: egg, larva, and pupa.
 The butterfly's life cycle is divided into three stages: egg,","Describe the lifecycle of a butterfly.
 The lifecycle of a butterfly is a very interesting one. It is a very long one, and it is very interesting to watch.
 The lifecycle of a butterfly is a very interesting one. It is a very long one, and it is very interesting to watch. The butterfly's life cycle is divided into three stages: egg, larva, and pupa.
 The butterfly's life cycle is divided into three stages: egg,",0.017726,0.017726
10,change target modules,2025-06-09 14:17:42,42.81,TinyLlama/TinyLlama_v1.1,yahma/alpaca-cleaned,3000,32,16,0.05,"['k_proj', 'o_proj']",2,0.0002,4,4,512,0.0286,0.0286,"No major BLEU change. Improved in 0/10 prompts, same in 10, worse in 0. Training took longer than usual.","Explain the difference between machine learning and deep learning.
The difference between machine learning and deep learning is that the former is a method of learning from data, while the latter is a method of learning from data and then using that data to make predictions.
The difference between machine learning and deep learning is that the former is a method of learning from data, while the latter is a method of learning from data and then using that data to make predictions.
The difference between machine learning and deep learning is that the former is a method of learning from data","Explain the difference between machine learning and deep learning.
The difference between machine learning and deep learning is that the former is a method of learning from data, while the latter is a method of learning from data and then using that data to make predictions.
The difference between machine learning and deep learning is that the former is a method of learning from data, while the latter is a method of learning from data and then using that data to make predictions.
The difference between machine learning and deep learning is that the former is a method of learning from data",0.02935237325,0.02935237325,"What is the Pythagorean theorem used for?
What is the Pythagorean theorem used for?
The Pythagorean theorem is used to solve problems involving the lengths of the sides of a right triangle.
The Pythagorean theorem is used to solve problems involving the lengths of the sides of a right triangle.
The Pythagorean theorem is used to solve problems involving the lengths of the sides of a right triangle. The Pythagorean theorem is used to solve problems involving the lengths","What is the Pythagorean theorem used for?
What is the Pythagorean theorem used for?
The Pythagorean theorem is used to solve problems involving the lengths of the sides of a right triangle.
The Pythagorean theorem is used to solve problems involving the lengths of the sides of a right triangle.
The Pythagorean theorem is used to solve problems involving the lengths of the sides of a right triangle. The Pythagorean theorem is used to solve problems involving the lengths",0.03822193056,0.03822193056,"List three causes of World War II.
The first two are the most important. The first is the fact that the United States is the world's largest economy. The second is that the United States is the world's largest military power.
The United States is the world's largest economy.
The United States is the world's largest military power.
The United States is the world's largest economy.
The United States is the world's largest military power.
The United States is the world'","List three causes of World War II.
The first two are the most important. The first is the fact that the United States is the world's largest economy. The second is that the United States is the world's largest military power.
The United States is the world's largest economy.
The United States is the world's largest military power.
The United States is the world's largest economy.
The United States is the world's largest military power.
The United States is the world'",0.02216043193,0.02216043193,"Translate 'Good morning' into French.
The French language is a language of the Romance family. It is spoken by 250 million people in France, Belgium, Monaco, Switzerland, and the overseas departments of French Guiana, Martinique, Guadeloupe, and Réunion.
The French language is a language of the Romance family. It is spoken by 250 million people in France, Belgium, Monaco, Switzerland, and the overseas departments of French","Translate 'Good morning' into French.
The French language is a language of the Romance family. It is spoken by 250 million people in France, Belgium, Monaco, Switzerland, and the overseas departments of French Guiana, Martinique, Guadeloupe, and Réunion.
The French language is a language of the Romance family. It is spoken by 250 million people in France, Belgium, Monaco, Switzerland, and the overseas departments of French",0.02017135224,0.02017135224,What are some benefits of daily exercise? What are some benefits of daily exercise? What are some benefits of daily exercise? What are some benefits of daily exercise? What are some benefits of daily exercise? What are some benefits of daily exercise? What are some benefits of daily exercise? What are some benefits of daily exercise? What are some benefits of daily exercise? What are some benefits of daily exercise? What are some benefits of daily exercise? What are some benefits of daily exercise? What are some benefits of daily exercise? What are some benefits,What are some benefits of daily exercise? What are some benefits of daily exercise? What are some benefits of daily exercise? What are some benefits of daily exercise? What are some benefits of daily exercise? What are some benefits of daily exercise? What are some benefits of daily exercise? What are some benefits of daily exercise? What are some benefits of daily exercise? What are some benefits of daily exercise? What are some benefits of daily exercise? What are some benefits of daily exercise? What are some benefits of daily exercise? What are some benefits,0.01500550081,0.01500550081,"Summarize the plot of Romeo and Juliet.
The plot of Romeo and Juliet is a tragedy written by William Shakespeare in 1597. The play is set in Verona, Italy, in the time of the feud between the Montague and Capulet families. The play is about two young lovers, Romeo Montague and Juliet Capulet, who are forced to marry their parents' enemies. The play is divided into two parts, Act I and Act II.
The plot of","Summarize the plot of Romeo and Juliet.
The plot of Romeo and Juliet is a tragedy written by William Shakespeare in 1597. The play is set in Verona, Italy, in the time of the feud between the Montague and Capulet families. The play is about two young lovers, Romeo Montague and Juliet Capulet, who are forced to marry their parents' enemies. The play is divided into two parts, Act I and Act II.
The plot of",0.09207475603,0.09207475603,What does HTTP stand for? HTTP HTTP HTTP HTTP HTTP HTTP HTTP HTTP HTTP HTTP HTTP HTTP HTTP HTTP HTTP HTTP HTTP HTTP HTTP HTTP HTTP HTTP HTTP HTTP HTTP HTTP HTTP HTTP HTTP HTTP HTTP HTTP HTTP HTTP HTTP HTTP HTTP HTTP HTTP HTTP HTTP HTTP HTTP HTTP HTTP HTTP HTTP HTTP HTTP HTTP HTTP HTTP HTTP HTTP HTTP HTTP HTTP HTTP HTTP HTTP HTTP HTTP HTTP HTTP HTTP HTTP HTTP HTTP HTTP HTTP HTTP HTTP HTTP HTTP HTTP HTTP HTTP HTTP HTTP HTTP HTTP HTTP HTTP HTTP HTTP HTTP HTTP HTTP HTTP HTTP HTTP HTTP HTTP HTTP HTTP HTTP HTTP HTTP HTTP HTTP,What does HTTP stand for? HTTP HTTP HTTP HTTP HTTP HTTP HTTP HTTP HTTP HTTP HTTP HTTP HTTP HTTP HTTP HTTP HTTP HTTP HTTP HTTP HTTP HTTP HTTP HTTP HTTP HTTP HTTP HTTP HTTP HTTP HTTP HTTP HTTP HTTP HTTP HTTP HTTP HTTP HTTP HTTP HTTP HTTP HTTP HTTP HTTP HTTP HTTP HTTP HTTP HTTP HTTP HTTP HTTP HTTP HTTP HTTP HTTP HTTP HTTP HTTP HTTP HTTP HTTP HTTP HTTP HTTP HTTP HTTP HTTP HTTP HTTP HTTP HTTP HTTP HTTP HTTP HTTP HTTP HTTP HTTP HTTP HTTP HTTP HTTP HTTP HTTP HTTP HTTP HTTP HTTP HTTP HTTP HTTP HTTP HTTP HTTP HTTP HTTP HTTP HTTP,0.009592630353,0.009592630353,"Give an example of a palindrome.
Palindrome definition is - a word or phrase that is the same in both its left- and right-handed forms. How to use palindrome in a sentence.
Palindrome definition is - a word or phrase that is the same in both its left- and right-handed forms. How to use palindrome in a sentence.
Palindrome definition is - a word or phrase that is the same in both its left- and right-handed forms","Give an example of a palindrome.
Palindrome definition is - a word or phrase that is the same in both its left- and right-handed forms. How to use palindrome in a sentence.
Palindrome definition is - a word or phrase that is the same in both its left- and right-handed forms. How to use palindrome in a sentence.
Palindrome definition is - a word or phrase that is the same in both its left- and right-handed forms",0.02902944507,0.02902944507,"How do you boil an egg perfectly?
How do you boil an egg perfectly?
How do you boil an egg perfectly?
How do you boil an egg perfectly?
How do you boil an egg perfectly?
How do you boil an egg perfectly?
How do you boil an egg perfectly?
How do you boil an egg perfectly?
How do you boil an egg perfectly?
How do you boil an egg perfectly?
How do you boil an egg perfectly?","How do you boil an egg perfectly?
How do you boil an egg perfectly?
How do you boil an egg perfectly?
How do you boil an egg perfectly?
How do you boil an egg perfectly?
How do you boil an egg perfectly?
How do you boil an egg perfectly?
How do you boil an egg perfectly?
How do you boil an egg perfectly?
How do you boil an egg perfectly?
How do you boil an egg perfectly?",0.01854816375,0.01854816375,"Describe the lifecycle of a butterfly.
The lifecycle of a butterfly is a very interesting one. It is a very long one. It starts with the egg. The egg is laid on the ground. It is a very small egg. It is about the size of a pea. It is a very small egg. It is about the size of a pea. It is a very small egg. It is about the size of a pea. It is a very small egg. It is about the size of","Describe the lifecycle of a butterfly.
The lifecycle of a butterfly is a very interesting one. It is a very long one. It starts with the egg. The egg is laid on the ground. It is a very small egg. It is about the size of a pea. It is a very small egg. It is about the size of a pea. It is a very small egg. It is about the size of a pea. It is a very small egg. It is about the size of",0.01146183726,0.01146183726
11,change target modules,2025-06-09 16:06:10,46.44,TinyLlama/TinyLlama_v1.1,yahma/alpaca-cleaned,3000,32,16,0.05,"['q_proj', 'v_proj', 'k_proj', 'o_proj']",2,0.0002,4,4,512,0.0286,0.0286,"No major BLEU change. Improved in 0/10 prompts, same in 10, worse in 0. Training took longer than usual.","Explain the difference between machine learning and deep learning.
The difference between machine learning and deep learning is that the former is a method of learning from data, while the latter is a method of learning from data and then applying it to a problem.
The difference between machine learning and deep learning is that the former is a method of learning from data, while the latter is a method of learning from data and then applying it to a problem.
The difference between machine learning and deep learning is that the former is a method of learning from data, while","Explain the difference between machine learning and deep learning.
The difference between machine learning and deep learning is that the former is a method of learning from data, while the latter is a method of learning from data and then applying it to a problem.
The difference between machine learning and deep learning is that the former is a method of learning from data, while the latter is a method of learning from data and then applying it to a problem.
The difference between machine learning and deep learning is that the former is a method of learning from data, while",0.02964518502,0.02964518502,"What is the Pythagorean theorem used for?
What is the Pythagorean theorem used for?
The Pythagorean theorem is used to solve problems involving the lengths of the sides of a right triangle.
The Pythagorean theorem is used to solve problems involving the lengths of the sides of a right triangle.
The Pythagorean theorem is used to solve problems involving the lengths of the sides of a right triangle. The Pythagorean theorem is used to solve problems involving the lengths","What is the Pythagorean theorem used for?
What is the Pythagorean theorem used for?
The Pythagorean theorem is used to solve problems involving the lengths of the sides of a right triangle.
The Pythagorean theorem is used to solve problems involving the lengths of the sides of a right triangle.
The Pythagorean theorem is used to solve problems involving the lengths of the sides of a right triangle. The Pythagorean theorem is used to solve problems involving the lengths",0.03822193056,0.03822193056,"List three causes of World War II.
The first two are the most important. The first is the fact that the United States is the only country in the world that has not been attacked by a foreign power. The second is the fact that the United States has never been invaded by a foreign power.
The United States has never been invaded by a foreign power.
The United States has never been invaded by a foreign power.
The United States has never been invaded by a foreign power.
The United States","List three causes of World War II.
The first two are the most important. The first is the fact that the United States is the only country in the world that has not been attacked by a foreign power. The second is the fact that the United States has never been invaded by a foreign power.
The United States has never been invaded by a foreign power.
The United States has never been invaded by a foreign power.
The United States has never been invaded by a foreign power.
The United States",0.02039766347,0.02039766347,"Translate 'Good morning' into French.
The French language is a language of the Romance family. It is spoken by about 250 million people in France, Monaco, and the overseas departments of Martinique, Guadeloupe, and French Guiana.
The French language is a language of the Romance family. It is spoken by about 250 million people in France, Monaco, and the overseas departments of Martinique, Guadeloupe, and French Guiana.","Translate 'Good morning' into French.
The French language is a language of the Romance family. It is spoken by about 250 million people in France, Monaco, and the overseas departments of Martinique, Guadeloupe, and French Guiana.
The French language is a language of the Romance family. It is spoken by about 250 million people in France, Monaco, and the overseas departments of Martinique, Guadeloupe, and French Guiana.",0.01986683063,0.01986683063,What are some benefits of daily exercise? What are some benefits of daily exercise? What are some benefits of daily exercise? What are some benefits of daily exercise? What are some benefits of daily exercise? What are some benefits of daily exercise? What are some benefits of daily exercise? What are some benefits of daily exercise? What are some benefits of daily exercise? What are some benefits of daily exercise? What are some benefits of daily exercise? What are some benefits of daily exercise? What are some benefits of daily exercise? What are some benefits,What are some benefits of daily exercise? What are some benefits of daily exercise? What are some benefits of daily exercise? What are some benefits of daily exercise? What are some benefits of daily exercise? What are some benefits of daily exercise? What are some benefits of daily exercise? What are some benefits of daily exercise? What are some benefits of daily exercise? What are some benefits of daily exercise? What are some benefits of daily exercise? What are some benefits of daily exercise? What are some benefits of daily exercise? What are some benefits,0.01500550081,0.01500550081,"Summarize the plot of Romeo and Juliet.
The plot of Romeo and Juliet is a tragedy written by William Shakespeare in 1597. The play is set in Verona, Italy, in the time of the feud between the Montague and Capulet families. The play is about two young lovers, Romeo Montague and Juliet Capulet, who fall in love and are forced to marry other people. The play is about the feud between the Montague and Capulet families","Summarize the plot of Romeo and Juliet.
The plot of Romeo and Juliet is a tragedy written by William Shakespeare in 1597. The play is set in Verona, Italy, in the time of the feud between the Montague and Capulet families. The play is about two young lovers, Romeo Montague and Juliet Capulet, who fall in love and are forced to marry other people. The play is about the feud between the Montague and Capulet families",0.09393579242,0.09393579242,What does HTTP stand for? HTTP HTTP HTTP HTTP HTTP HTTP HTTP HTTP HTTP HTTP HTTP HTTP HTTP HTTP HTTP HTTP HTTP HTTP HTTP HTTP HTTP HTTP HTTP HTTP HTTP HTTP HTTP HTTP HTTP HTTP HTTP HTTP HTTP HTTP HTTP HTTP HTTP HTTP HTTP HTTP HTTP HTTP HTTP HTTP HTTP HTTP HTTP HTTP HTTP HTTP HTTP HTTP HTTP HTTP HTTP HTTP HTTP HTTP HTTP HTTP HTTP HTTP HTTP HTTP HTTP HTTP HTTP HTTP HTTP HTTP HTTP HTTP HTTP HTTP HTTP HTTP HTTP HTTP HTTP HTTP HTTP HTTP HTTP HTTP HTTP HTTP HTTP HTTP HTTP HTTP HTTP HTTP HTTP HTTP HTTP HTTP HTTP HTTP HTTP HTTP,What does HTTP stand for? HTTP HTTP HTTP HTTP HTTP HTTP HTTP HTTP HTTP HTTP HTTP HTTP HTTP HTTP HTTP HTTP HTTP HTTP HTTP HTTP HTTP HTTP HTTP HTTP HTTP HTTP HTTP HTTP HTTP HTTP HTTP HTTP HTTP HTTP HTTP HTTP HTTP HTTP HTTP HTTP HTTP HTTP HTTP HTTP HTTP HTTP HTTP HTTP HTTP HTTP HTTP HTTP HTTP HTTP HTTP HTTP HTTP HTTP HTTP HTTP HTTP HTTP HTTP HTTP HTTP HTTP HTTP HTTP HTTP HTTP HTTP HTTP HTTP HTTP HTTP HTTP HTTP HTTP HTTP HTTP HTTP HTTP HTTP HTTP HTTP HTTP HTTP HTTP HTTP HTTP HTTP HTTP HTTP HTTP HTTP HTTP HTTP HTTP HTTP HTTP,0.009592630353,0.009592630353,"Give an example of a palindrome.
Palindrome definition is - a word or phrase that is the same in both its left- and right-handed forms. How to use palindrome in a sentence.
Palindrome definition is - a word or phrase that is the same in both its left- and right-handed forms. How to use palindrome in a sentence.
Palindrome definition is - a word or phrase that is the same in both its left- and right-handed forms","Give an example of a palindrome.
Palindrome definition is - a word or phrase that is the same in both its left- and right-handed forms. How to use palindrome in a sentence.
Palindrome definition is - a word or phrase that is the same in both its left- and right-handed forms. How to use palindrome in a sentence.
Palindrome definition is - a word or phrase that is the same in both its left- and right-handed forms",0.02902944507,0.02902944507,"How do you boil an egg perfectly?
How do you boil an egg perfectly?
How do you boil an egg perfectly?
How do you boil an egg perfectly?
How do you boil an egg perfectly?
How do you boil an egg perfectly?
How do you boil an egg perfectly?
How do you boil an egg perfectly?
How do you boil an egg perfectly?
How do you boil an egg perfectly?
How do you boil an egg perfectly?","How do you boil an egg perfectly?
How do you boil an egg perfectly?
How do you boil an egg perfectly?
How do you boil an egg perfectly?
How do you boil an egg perfectly?
How do you boil an egg perfectly?
How do you boil an egg perfectly?
How do you boil an egg perfectly?
How do you boil an egg perfectly?
How do you boil an egg perfectly?
How do you boil an egg perfectly?",0.01854816375,0.01854816375,"Describe the lifecycle of a butterfly.
The lifecycle of a butterfly is a very interesting one. It is a very long one. It starts with the egg. The egg is laid on the ground. It is a very small egg. It is about the size of a pea. It is a very small egg. It is about the size of a pea. It is a very small egg. It is about the size of a pea. It is a very small egg. It is about the size of","Describe the lifecycle of a butterfly.
The lifecycle of a butterfly is a very interesting one. It is a very long one. It starts with the egg. The egg is laid on the ground. It is a very small egg. It is about the size of a pea. It is a very small egg. It is about the size of a pea. It is a very small egg. It is about the size of a pea. It is a very small egg. It is about the size of",0.01146183726,0.01146183726
12,"Epochs = 4, lora_alpha = 32",6/9/2025 15:40,89.26,TinyLlama/TinyLlama_v1.1,yahma/alpaca-cleaned,3000,8,32,0.05,"['q_proj', 'v_proj']",4,0.0002,4,4,512,0.0376,0.0376,"No major BLEU change. Improved in 0/10 prompts, same in 10, worse in 0. Training took longer than usual.","Explain the difference between machine learning and deep learning.
 The difference between machine learning and deep learning is that the former is a method of learning from data, while the latter is a method of learning from data and then using that data to make predictions.
 The difference between machine learning and deep learning is that the former is a method of learning from data, while the latter is a method of learning from data and then using that data to make predictions.
 The difference between machine learning and deep learning is that the former is a method of learning from data","Explain the difference between machine learning and deep learning.
 The difference between machine learning and deep learning is that the former is a method of learning from data, while the latter is a method of learning from data and then using that data to make predictions.
 The difference between machine learning and deep learning is that the former is a method of learning from data, while the latter is a method of learning from data and then using that data to make predictions.
 The difference between machine learning and deep learning is that the former is a method of learning from data",0.029352,0.029352,"What is the Pythagorean theorem used for?
 What is the Pythagorean theorem used for?
 The Pythagorean theorem is used to solve problems involving the lengths of the sides of a right triangle.
 The Pythagorean theorem is used to solve problems involving the lengths of the sides of a right triangle. The Pythagorean theorem states that the square of the hypotenuse of a right triangle is equal to the sum of the squares of the other two sides.
 The Pythag","What is the Pythagorean theorem used for?
 What is the Pythagorean theorem used for?
 The Pythagorean theorem is used to solve problems involving the lengths of the sides of a right triangle.
 The Pythagorean theorem is used to solve problems involving the lengths of the sides of a right triangle. The Pythagorean theorem states that the square of the hypotenuse of a right triangle is equal to the sum of the squares of the other two sides.
 The Pythag",0.038222,0.038222,"List three causes of World War II.
 The United States has been the world's leading military power since World War II. The United States has been the world's leading military power since World War II.
 The United States has been the world's leading military power since World War II. The United States has been the world's leading military power since World War II.
 The United States has been the world's leading military power since World War II. The United States has been the world's leading military power","List three causes of World War II.
 The United States has been the world's leading military power since World War II. The United States has been the world's leading military power since World War II.
 The United States has been the world's leading military power since World War II. The United States has been the world's leading military power since World War II.
 The United States has been the world's leading military power since World War II. The United States has been the world's leading military power",0.020619,0.020619,"Translate 'Good morning' into French.
 The French language is a language of the Romance family. It is spoken by about 250 million people in France, Monaco, and the overseas departments and territories of France.
 The French language is the official language of France, Monaco, and the overseas departments and territories of France.
 The French language is the official language of France, Monaco, and the overseas departments and territories of France.
 The French","Translate 'Good morning' into French.
 The French language is a language of the Romance family. It is spoken by about 250 million people in France, Monaco, and the overseas departments and territories of France.
 The French language is the official language of France, Monaco, and the overseas departments and territories of France.
 The French language is the official language of France, Monaco, and the overseas departments and territories of France.
 The French",0.018472,0.018472,"What are some benefits of daily exercise?
 What are some benefits of daily exercise?
 What are some benefits of daily exercise?
 What are some benefits of daily exercise?
 What are some benefits of daily exercise?
 What are some benefits of daily exercise?
 What are some benefits of daily exercise?
 What are some benefits of daily exercise?
 What are some benefits of daily exercise?
 What are some benefits of daily exercise?
 What are some benefits of daily exercise?
 What are some benefits of daily exercise?","What are some benefits of daily exercise?
 What are some benefits of daily exercise?
 What are some benefits of daily exercise?
 What are some benefits of daily exercise?
 What are some benefits of daily exercise?
 What are some benefits of daily exercise?
 What are some benefits of daily exercise?
 What are some benefits of daily exercise?
 What are some benefits of daily exercise?
 What are some benefits of daily exercise?
 What are some benefits of daily exercise?
 What are some benefits of daily exercise?",0.016988,0.016988,"Summarize the plot of Romeo and Juliet.
 The plot of Romeo and Juliet is a tragedy by William Shakespeare. It is set in Verona, Italy, in the summer of 1392. The play is divided into two parts, each of which is divided into three acts. The first part is the prologue, in which the audience is introduced to the characters and the setting. The second part is the balcony scene, in which the two families meet and discuss their differences. The third part","Summarize the plot of Romeo and Juliet.
 The plot of Romeo and Juliet is a tragedy by William Shakespeare. It is set in Verona, Italy, in the summer of 1392. The play is divided into two parts, each of which is divided into three acts. The first part is the prologue, in which the audience is introduced to the characters and the setting. The second part is the balcony scene, in which the two families meet and discuss their differences. The third part",0.071562,0.071562,What does HTTP stand for? HTTP HTTP HTTP HTTP HTTP HTTP HTTP HTTP HTTP HTTP HTTP HTTP HTTP HTTP HTTP HTTP HTTP HTTP HTTP HTTP HTTP HTTP HTTP HTTP HTTP HTTP HTTP HTTP HTTP HTTP HTTP HTTP HTTP HTTP HTTP HTTP HTTP HTTP HTTP HTTP HTTP HTTP HTTP HTTP HTTP HTTP HTTP HTTP HTTP HTTP HTTP HTTP HTTP HTTP HTTP HTTP HTTP HTTP HTTP HTTP HTTP HTTP HTTP HTTP HTTP HTTP HTTP HTTP HTTP HTTP HTTP HTTP HTTP HTTP HTTP HTTP HTTP HTTP HTTP HTTP HTTP HTTP HTTP HTTP HTTP HTTP HTTP HTTP HTTP HTTP HTTP HTTP HTTP HTTP HTTP HTTP HTTP HTTP HTTP HTTP,What does HTTP stand for? HTTP HTTP HTTP HTTP HTTP HTTP HTTP HTTP HTTP HTTP HTTP HTTP HTTP HTTP HTTP HTTP HTTP HTTP HTTP HTTP HTTP HTTP HTTP HTTP HTTP HTTP HTTP HTTP HTTP HTTP HTTP HTTP HTTP HTTP HTTP HTTP HTTP HTTP HTTP HTTP HTTP HTTP HTTP HTTP HTTP HTTP HTTP HTTP HTTP HTTP HTTP HTTP HTTP HTTP HTTP HTTP HTTP HTTP HTTP HTTP HTTP HTTP HTTP HTTP HTTP HTTP HTTP HTTP HTTP HTTP HTTP HTTP HTTP HTTP HTTP HTTP HTTP HTTP HTTP HTTP HTTP HTTP HTTP HTTP HTTP HTTP HTTP HTTP HTTP HTTP HTTP HTTP HTTP HTTP HTTP HTTP HTTP HTTP HTTP HTTP,0.009593,0.009593,"Give an example of a palindrome.
 Palindrome: A palindrome is a word or phrase that reads the same backward and forward.
 Palindrome: A palindrome is a word or phrase that reads the same backward and forward.
 Palindrome: A palindrome is a word or phrase that reads the same backward and forward.
 Palindrome: A palindrome is a word or phrase that reads the same backward and forward.
 Palindrome: A palind","Give an example of a palindrome.
 Palindrome: A palindrome is a word or phrase that reads the same backward and forward.
 Palindrome: A palindrome is a word or phrase that reads the same backward and forward.
 Palindrome: A palindrome is a word or phrase that reads the same backward and forward.
 Palindrome: A palindrome is a word or phrase that reads the same backward and forward.
 Palindrome: A palind",0.139929,0.139929,"How do you boil an egg perfectly?
 How do you boil an egg perfectly?
 How do you boil an egg perfectly?
 How do you boil an egg perfectly?
 How do you boil an egg perfectly?
 How do you boil an egg perfectly?
 How do you boil an egg perfectly?
 How do you boil an egg perfectly?
 How do you boil an egg perfectly?
 How do you boil an egg perfectly?
 How do you boil an egg perfectly?","How do you boil an egg perfectly?
 How do you boil an egg perfectly?
 How do you boil an egg perfectly?
 How do you boil an egg perfectly?
 How do you boil an egg perfectly?
 How do you boil an egg perfectly?
 How do you boil an egg perfectly?
 How do you boil an egg perfectly?
 How do you boil an egg perfectly?
 How do you boil an egg perfectly?
 How do you boil an egg perfectly?",0.018548,0.018548,"Describe the lifecycle of a butterfly.
 The lifecycle of a butterfly is a complex one. The butterfly's life cycle begins with the egg. The egg is laid on the underside of a leaf or on the ground. The egg is then covered with a protective covering called a chitin. The chitin is a hard outer covering that protects the egg from the elements. The chitin is also used to help the egg hatch. The chitin is a hard outer covering","Describe the lifecycle of a butterfly.
 The lifecycle of a butterfly is a complex one. The butterfly's life cycle begins with the egg. The egg is laid on the underside of a leaf or on the ground. The egg is then covered with a protective covering called a chitin. The chitin is a hard outer covering that protects the egg from the elements. The chitin is also used to help the egg hatch. The chitin is a hard outer covering",0.012619,0.012619
13,"Epochs = 4, lora_alpha = 16",6/9/2025 17:19,89.12,TinyLlama/TinyLlama_v1.1,yahma/alpaca-cleaned,3000,8,16,0.05,"['q_proj', 'v_proj']",4,0.0002,4,4,512,0.0289,0.0289,"No major BLEU change. Improved in 0/10 prompts, same in 10, worse in 0. Training took longer than usual.","Explain the difference between machine learning and deep learning.
 The difference between machine learning and deep learning is that the former is a method of learning from data, while the latter is a method of learning from data and then applying it to a problem.
 The difference between machine learning and deep learning is that the former is a method of learning from data, while the latter is a method of learning from data and then applying it to a problem.
 The difference between machine learning and deep learning is that the former is a method of learning from data, while","Explain the difference between machine learning and deep learning.
 The difference between machine learning and deep learning is that the former is a method of learning from data, while the latter is a method of learning from data and then applying it to a problem.
 The difference between machine learning and deep learning is that the former is a method of learning from data, while the latter is a method of learning from data and then applying it to a problem.
 The difference between machine learning and deep learning is that the former is a method of learning from data, while",0.029645,0.029645,"What is the Pythagorean theorem used for?
 What is the Pythagorean theorem used for?
 The Pythagorean theorem is used to solve problems involving the lengths of the sides of a right triangle.
 The Pythagorean theorem is used to solve problems involving the lengths of the sides of a right triangle.
 The Pythagorean theorem is used to solve problems involving the lengths of the sides of a right triangle. The Pythagorean theorem is used to solve problems involving the lengths","What is the Pythagorean theorem used for?
 What is the Pythagorean theorem used for?
 The Pythagorean theorem is used to solve problems involving the lengths of the sides of a right triangle.
 The Pythagorean theorem is used to solve problems involving the lengths of the sides of a right triangle.
 The Pythagorean theorem is used to solve problems involving the lengths of the sides of a right triangle. The Pythagorean theorem is used to solve problems involving the lengths",0.038222,0.038222,"List three causes of World War II.
 The first World War was a war of attrition. The Germans were able to inflict a lot of casualties on the Allies, but the Allies were able to inflict a lot of casualties on the Germans.
 The second World War was a war of attrition. The Germans were able to inflict a lot of casualties on the Allies, but the Allies were able to inflict a lot of casualties on the Germ","List three causes of World War II.
 The first World War was a war of attrition. The Germans were able to inflict a lot of casualties on the Allies, but the Allies were able to inflict a lot of casualties on the Germans.
 The second World War was a war of attrition. The Germans were able to inflict a lot of casualties on the Allies, but the Allies were able to inflict a lot of casualties on the Germ",0.025561,0.025561,"Translate 'Good morning' into French.
 The French language is a language of the Romance family. It is spoken by 250 million people in France, and by 40 million people in the rest of the world.
 The French language is a language of the Romance family. It is spoken by 250 million people in France, and by 40 million people in the rest of the world. The French language is spoken by 250 million people in France, and by 40","Translate 'Good morning' into French.
 The French language is a language of the Romance family. It is spoken by 250 million people in France, and by 40 million people in the rest of the world.
 The French language is a language of the Romance family. It is spoken by 250 million people in France, and by 40 million people in the rest of the world. The French language is spoken by 250 million people in France, and by 40",0.01682,0.01682,What are some benefits of daily exercise? What are some benefits of daily exercise? What are some benefits of daily exercise? What are some benefits of daily exercise? What are some benefits of daily exercise? What are some benefits of daily exercise? What are some benefits of daily exercise? What are some benefits of daily exercise? What are some benefits of daily exercise? What are some benefits of daily exercise? What are some benefits of daily exercise? What are some benefits of daily exercise? What are some benefits of daily exercise? What are some benefits,What are some benefits of daily exercise? What are some benefits of daily exercise? What are some benefits of daily exercise? What are some benefits of daily exercise? What are some benefits of daily exercise? What are some benefits of daily exercise? What are some benefits of daily exercise? What are some benefits of daily exercise? What are some benefits of daily exercise? What are some benefits of daily exercise? What are some benefits of daily exercise? What are some benefits of daily exercise? What are some benefits of daily exercise? What are some benefits,0.015006,0.015006,"Summarize the plot of Romeo and Juliet.
 The plot of Romeo and Juliet is a tragedy written by William Shakespeare in 1597. The play is set in Verona, Italy, in the middle of the 15th century. The play is about two young lovers, Romeo and Juliet, who are from two different families. The play is about the rivalry between the Montague and Capulet families. The play is about the love between Romeo and Juliet.
 The","Summarize the plot of Romeo and Juliet.
 The plot of Romeo and Juliet is a tragedy written by William Shakespeare in 1597. The play is set in Verona, Italy, in the middle of the 15th century. The play is about two young lovers, Romeo and Juliet, who are from two different families. The play is about the rivalry between the Montague and Capulet families. The play is about the love between Romeo and Juliet.
 The",0.095201,0.095201,What does HTTP stand for? HTTP HTTP HTTP HTTP HTTP HTTP HTTP HTTP HTTP HTTP HTTP HTTP HTTP HTTP HTTP HTTP HTTP HTTP HTTP HTTP HTTP HTTP HTTP HTTP HTTP HTTP HTTP HTTP HTTP HTTP HTTP HTTP HTTP HTTP HTTP HTTP HTTP HTTP HTTP HTTP HTTP HTTP HTTP HTTP HTTP HTTP HTTP HTTP HTTP HTTP HTTP HTTP HTTP HTTP HTTP HTTP HTTP HTTP HTTP HTTP HTTP HTTP HTTP HTTP HTTP HTTP HTTP HTTP HTTP HTTP HTTP HTTP HTTP HTTP HTTP HTTP HTTP HTTP HTTP HTTP HTTP HTTP HTTP HTTP HTTP HTTP HTTP HTTP HTTP HTTP HTTP HTTP HTTP HTTP HTTP HTTP HTTP HTTP HTTP HTTP,What does HTTP stand for? HTTP HTTP HTTP HTTP HTTP HTTP HTTP HTTP HTTP HTTP HTTP HTTP HTTP HTTP HTTP HTTP HTTP HTTP HTTP HTTP HTTP HTTP HTTP HTTP HTTP HTTP HTTP HTTP HTTP HTTP HTTP HTTP HTTP HTTP HTTP HTTP HTTP HTTP HTTP HTTP HTTP HTTP HTTP HTTP HTTP HTTP HTTP HTTP HTTP HTTP HTTP HTTP HTTP HTTP HTTP HTTP HTTP HTTP HTTP HTTP HTTP HTTP HTTP HTTP HTTP HTTP HTTP HTTP HTTP HTTP HTTP HTTP HTTP HTTP HTTP HTTP HTTP HTTP HTTP HTTP HTTP HTTP HTTP HTTP HTTP HTTP HTTP HTTP HTTP HTTP HTTP HTTP HTTP HTTP HTTP HTTP HTTP HTTP HTTP HTTP,0.009593,0.009593,"Give an example of a palindrome.
 Palindrome is a word that means the same as it is written.
 Palindrome is a word that means the same as it is written. It is a word that is written in the same way as it is read.
 Palindrome is a word that means the same as it is written. It is a word that is written in the same way as it is read. It is a word that is written in the same way as it is read. It is a word","Give an example of a palindrome.
 Palindrome is a word that means the same as it is written.
 Palindrome is a word that means the same as it is written. It is a word that is written in the same way as it is read.
 Palindrome is a word that means the same as it is written. It is a word that is written in the same way as it is read. It is a word that is written in the same way as it is read. It is a word",0.029166,0.029166,"How do you boil an egg perfectly?
 How do you boil an egg perfectly?
 How do you boil an egg perfectly?
 How do you boil an egg perfectly?
 How do you boil an egg perfectly?
 How do you boil an egg perfectly?
 How do you boil an egg perfectly?
 How do you boil an egg perfectly?
 How do you boil an egg perfectly?
 How do you boil an egg perfectly?
 How do you boil an egg perfectly?","How do you boil an egg perfectly?
 How do you boil an egg perfectly?
 How do you boil an egg perfectly?
 How do you boil an egg perfectly?
 How do you boil an egg perfectly?
 How do you boil an egg perfectly?
 How do you boil an egg perfectly?
 How do you boil an egg perfectly?
 How do you boil an egg perfectly?
 How do you boil an egg perfectly?
 How do you boil an egg perfectly?",0.018548,0.018548,"Describe the lifecycle of a butterfly.
 The lifecycle of a butterfly is a very interesting one. It is a very long one. It starts with the egg. The egg is laid on the ground. It is a very small egg. It is about the size of a pea. It is laid on the ground. It is a very small egg. It is laid on the ground. It is a very small egg. It is laid on the ground. It is a very small egg. It is laid on the","Describe the lifecycle of a butterfly.
 The lifecycle of a butterfly is a very interesting one. It is a very long one. It starts with the egg. The egg is laid on the ground. It is a very small egg. It is about the size of a pea. It is laid on the ground. It is a very small egg. It is laid on the ground. It is a very small egg. It is laid on the ground. It is a very small egg. It is laid on the",0.011332,0.011332
14,"Epochs = 1, lora_alpha = 16",6/9/2025 17:51,22.49,TinyLlama/TinyLlama_v1.1,yahma/alpaca-cleaned,3000,8,16,0.05,"['q_proj', 'v_proj']",1,0.0002,4,4,512,0.0277,0.0277,"No major BLEU change. Improved in 0/10 prompts, same in 10, worse in 0. Training took longer than usual.","Explain the difference between machine learning and deep learning.
 The difference between machine learning and deep learning is that the former is a method of learning from data, while the latter is a method of learning from data and then using that data to make predictions.
 The difference between machine learning and deep learning is that the former is a method of learning from data, while the latter is a method of learning from data and then using that data to make predictions.
 The difference between machine learning and deep learning is that the former is a method of learning from data","Explain the difference between machine learning and deep learning.
 The difference between machine learning and deep learning is that the former is a method of learning from data, while the latter is a method of learning from data and then using that data to make predictions.
 The difference between machine learning and deep learning is that the former is a method of learning from data, while the latter is a method of learning from data and then using that data to make predictions.
 The difference between machine learning and deep learning is that the former is a method of learning from data",0.029352,0.029352,"What is the Pythagorean theorem used for?
 What is the Pythagorean theorem used for?
 The Pythagorean theorem is used to solve problems involving the lengths of the sides of a right triangle.
 The Pythagorean theorem is used to solve problems involving the lengths of the sides of a right triangle.
 The Pythagorean theorem is used to solve problems involving the lengths of the sides of a right triangle. The Pythagorean theorem is used to solve problems involving the lengths","What is the Pythagorean theorem used for?
 What is the Pythagorean theorem used for?
 The Pythagorean theorem is used to solve problems involving the lengths of the sides of a right triangle.
 The Pythagorean theorem is used to solve problems involving the lengths of the sides of a right triangle.
 The Pythagorean theorem is used to solve problems involving the lengths of the sides of a right triangle. The Pythagorean theorem is used to solve problems involving the lengths",0.038222,0.038222,"List three causes of World War II.
 The first two are the most important. The first is the fact that the United States is the only country in the world that has not been attacked by a foreign power. The second is the fact that the United States has never been attacked by a foreign power.
 The first is the fact that the United States is the only country in the world that has not been attacked by a foreign power. The second is the fact that the United States has never been attacked by a foreign power.
 The","List three causes of World War II.
 The first two are the most important. The first is the fact that the United States is the only country in the world that has not been attacked by a foreign power. The second is the fact that the United States has never been attacked by a foreign power.
 The first is the fact that the United States is the only country in the world that has not been attacked by a foreign power. The second is the fact that the United States has never been attacked by a foreign power.
 The",0.018944,0.018944,"Translate 'Good morning' into French.
 The French language is a language of the Romance family. It is spoken by about 65 million people in France, and by 200 million people in the rest of the world.
 The French language is a language of the Romance family. It is spoken by about 65 million people in France, and by 200 million people in the rest of the world. The French language is the official language of France, and is also spoken in Belgium,","Translate 'Good morning' into French.
 The French language is a language of the Romance family. It is spoken by about 65 million people in France, and by 200 million people in the rest of the world.
 The French language is a language of the Romance family. It is spoken by about 65 million people in France, and by 200 million people in the rest of the world. The French language is the official language of France, and is also spoken in Belgium,",0.016199,0.016199,What are some benefits of daily exercise? What are some benefits of daily exercise? What are some benefits of daily exercise? What are some benefits of daily exercise? What are some benefits of daily exercise? What are some benefits of daily exercise? What are some benefits of daily exercise? What are some benefits of daily exercise? What are some benefits of daily exercise? What are some benefits of daily exercise? What are some benefits of daily exercise? What are some benefits of daily exercise? What are some benefits of daily exercise? What are some benefits,What are some benefits of daily exercise? What are some benefits of daily exercise? What are some benefits of daily exercise? What are some benefits of daily exercise? What are some benefits of daily exercise? What are some benefits of daily exercise? What are some benefits of daily exercise? What are some benefits of daily exercise? What are some benefits of daily exercise? What are some benefits of daily exercise? What are some benefits of daily exercise? What are some benefits of daily exercise? What are some benefits of daily exercise? What are some benefits,0.015006,0.015006,"Summarize the plot of Romeo and Juliet.
 The plot of Romeo and Juliet is a tragedy written by William Shakespeare. The play is set in Verona, Italy, in the 15th century. The play is about two young lovers, Romeo and Juliet, who are in love with each other. The play is about the rivalry between the Montague and Capulet families. The play is about the death of Romeo and Juliet.
 The plot of Romeo and Juliet is","Summarize the plot of Romeo and Juliet.
 The plot of Romeo and Juliet is a tragedy written by William Shakespeare. The play is set in Verona, Italy, in the 15th century. The play is about two young lovers, Romeo and Juliet, who are in love with each other. The play is about the rivalry between the Montague and Capulet families. The play is about the death of Romeo and Juliet.
 The plot of Romeo and Juliet is",0.090867,0.090867,What does HTTP stand for? HTTP HTTP HTTP HTTP HTTP HTTP HTTP HTTP HTTP HTTP HTTP HTTP HTTP HTTP HTTP HTTP HTTP HTTP HTTP HTTP HTTP HTTP HTTP HTTP HTTP HTTP HTTP HTTP HTTP HTTP HTTP HTTP HTTP HTTP HTTP HTTP HTTP HTTP HTTP HTTP HTTP HTTP HTTP HTTP HTTP HTTP HTTP HTTP HTTP HTTP HTTP HTTP HTTP HTTP HTTP HTTP HTTP HTTP HTTP HTTP HTTP HTTP HTTP HTTP HTTP HTTP HTTP HTTP HTTP HTTP HTTP HTTP HTTP HTTP HTTP HTTP HTTP HTTP HTTP HTTP HTTP HTTP HTTP HTTP HTTP HTTP HTTP HTTP HTTP HTTP HTTP HTTP HTTP HTTP HTTP HTTP HTTP HTTP HTTP HTTP,What does HTTP stand for? HTTP HTTP HTTP HTTP HTTP HTTP HTTP HTTP HTTP HTTP HTTP HTTP HTTP HTTP HTTP HTTP HTTP HTTP HTTP HTTP HTTP HTTP HTTP HTTP HTTP HTTP HTTP HTTP HTTP HTTP HTTP HTTP HTTP HTTP HTTP HTTP HTTP HTTP HTTP HTTP HTTP HTTP HTTP HTTP HTTP HTTP HTTP HTTP HTTP HTTP HTTP HTTP HTTP HTTP HTTP HTTP HTTP HTTP HTTP HTTP HTTP HTTP HTTP HTTP HTTP HTTP HTTP HTTP HTTP HTTP HTTP HTTP HTTP HTTP HTTP HTTP HTTP HTTP HTTP HTTP HTTP HTTP HTTP HTTP HTTP HTTP HTTP HTTP HTTP HTTP HTTP HTTP HTTP HTTP HTTP HTTP HTTP HTTP HTTP HTTP,0.009593,0.009593,"Give an example of a palindrome.
 Palindrome definition is - a word or phrase that is the same in both its left- and right-handed forms. How to use palindrome in a sentence.
 Palindrome definition is - a word or phrase that is the same in both its left- and right-handed forms. How to use palindrome in a sentence.
 Palindrome definition is - a word or phrase that is the same in both its left- and right-handed forms","Give an example of a palindrome.
 Palindrome definition is - a word or phrase that is the same in both its left- and right-handed forms. How to use palindrome in a sentence.
 Palindrome definition is - a word or phrase that is the same in both its left- and right-handed forms. How to use palindrome in a sentence.
 Palindrome definition is - a word or phrase that is the same in both its left- and right-handed forms",0.029029,0.029029,"How do you boil an egg perfectly?
 How do you boil an egg perfectly?
 How do you boil an egg perfectly?
 How do you boil an egg perfectly?
 How do you boil an egg perfectly?
 How do you boil an egg perfectly?
 How do you boil an egg perfectly?
 How do you boil an egg perfectly?
 How do you boil an egg perfectly?
 How do you boil an egg perfectly?
 How do you boil an egg perfectly?","How do you boil an egg perfectly?
 How do you boil an egg perfectly?
 How do you boil an egg perfectly?
 How do you boil an egg perfectly?
 How do you boil an egg perfectly?
 How do you boil an egg perfectly?
 How do you boil an egg perfectly?
 How do you boil an egg perfectly?
 How do you boil an egg perfectly?
 How do you boil an egg perfectly?
 How do you boil an egg perfectly?",0.018548,0.018548,"Describe the lifecycle of a butterfly.
 The lifecycle of a butterfly is a very interesting one. It is a very complex process. The butterfly goes through a series of stages before it becomes an adult. The butterfly goes through a series of stages before it becomes an adult. The butterfly goes through a series of stages before it becomes an adult. The butterfly goes through a series of stages before it becomes an adult. The butterfly goes through a series of stages before it becomes an","Describe the lifecycle of a butterfly.
 The lifecycle of a butterfly is a very interesting one. It is a very complex process. The butterfly goes through a series of stages before it becomes an adult. The butterfly goes through a series of stages before it becomes an adult. The butterfly goes through a series of stages before it becomes an adult. The butterfly goes through a series of stages before it becomes an adult. The butterfly goes through a series of stages before it becomes an",0.011731,0.011731
15,"Epochs = 1, lora_alpha = 32",6/9/2025 18:32,22.13,TinyLlama/TinyLlama_v1.1,yahma/alpaca-cleaned,3000,8,32,0.05,"['q_proj', 'v_proj']",1,0.0002,4,4,512,0.0266,0.0266,"No major BLEU change. Improved in 0/10 prompts, same in 10, worse in 0. Training took longer than usual.","Explain the difference between machine learning and deep learning.
 The difference between machine learning and deep learning is that the former is a method of learning from data, while the latter is a method of learning from data and then using that data to make predictions.
 The difference between machine learning and deep learning is that the former is a method of learning from data, while the latter is a method of learning from data and then using that data to make predictions.
 The difference between machine learning and deep learning is that the former is a method of learning from data","Explain the difference between machine learning and deep learning.
 The difference between machine learning and deep learning is that the former is a method of learning from data, while the latter is a method of learning from data and then using that data to make predictions.
 The difference between machine learning and deep learning is that the former is a method of learning from data, while the latter is a method of learning from data and then using that data to make predictions.
 The difference between machine learning and deep learning is that the former is a method of learning from data",0.029352,0.029352,"What is the Pythagorean theorem used for?
 What is the Pythagorean theorem used for?
 The Pythagorean theorem is used to solve problems involving the lengths of sides of right triangles.
 The Pythagorean theorem is used to solve problems involving the lengths of sides of right triangles.
 The Pythagorean theorem is used to solve problems involving the lengths of sides of right triangles.
 The Pythagorean theorem is used to solve problems involving the lengths of sides","What is the Pythagorean theorem used for?
 What is the Pythagorean theorem used for?
 The Pythagorean theorem is used to solve problems involving the lengths of sides of right triangles.
 The Pythagorean theorem is used to solve problems involving the lengths of sides of right triangles.
 The Pythagorean theorem is used to solve problems involving the lengths of sides of right triangles.
 The Pythagorean theorem is used to solve problems involving the lengths of sides",0.032992,0.032992,"List three causes of World War II.
 The first two are the most important. The first is the fact that the United States has been the world's leading military power for the last 15 years. The second is that the United States has been the world's leading economic power for the last 15 years.
 The United States has been the world's leading military power for the last 15 years.
 The United States has been the world's leading economic power for the last 15 years","List three causes of World War II.
 The first two are the most important. The first is the fact that the United States has been the world's leading military power for the last 15 years. The second is that the United States has been the world's leading economic power for the last 15 years.
 The United States has been the world's leading military power for the last 15 years.
 The United States has been the world's leading economic power for the last 15 years",0.021362,0.021362,"Translate 'Good morning' into French.
 The French language is a language of the Romance family, which is a group of languages that are related to Latin. The Romance languages are spoken in many countries around the world, including France, Italy, Spain, Portugal, Romania, and many others.
 The French language is a language of the Romance family, which is a group of languages that are related to Latin. The Romance languages are spoken in many countries around the world, including France, Italy, Spain, Portugal","Translate 'Good morning' into French.
 The French language is a language of the Romance family, which is a group of languages that are related to Latin. The Romance languages are spoken in many countries around the world, including France, Italy, Spain, Portugal, Romania, and many others.
 The French language is a language of the Romance family, which is a group of languages that are related to Latin. The Romance languages are spoken in many countries around the world, including France, Italy, Spain, Portugal",0.016002,0.016002,What are some benefits of daily exercise? What are some benefits of daily exercise? What are some benefits of daily exercise? What are some benefits of daily exercise? What are some benefits of daily exercise? What are some benefits of daily exercise? What are some benefits of daily exercise? What are some benefits of daily exercise? What are some benefits of daily exercise? What are some benefits of daily exercise? What are some benefits of daily exercise? What are some benefits of daily exercise? What are some benefits of daily exercise? What are some benefits,What are some benefits of daily exercise? What are some benefits of daily exercise? What are some benefits of daily exercise? What are some benefits of daily exercise? What are some benefits of daily exercise? What are some benefits of daily exercise? What are some benefits of daily exercise? What are some benefits of daily exercise? What are some benefits of daily exercise? What are some benefits of daily exercise? What are some benefits of daily exercise? What are some benefits of daily exercise? What are some benefits of daily exercise? What are some benefits,0.015006,0.015006,"Summarize the plot of Romeo and Juliet.
 The plot of Romeo and Juliet is a tragic love story between two young lovers, Romeo Montague and Juliet Capulet. The story begins when Romeo and Juliet meet for the first time. They fall in love and begin to plan their wedding. However, their families do not approve of their marriage. They are forced to separate.
 Romeo and Juliet are two young lovers who fall in love with each other. They are from","Summarize the plot of Romeo and Juliet.
 The plot of Romeo and Juliet is a tragic love story between two young lovers, Romeo Montague and Juliet Capulet. The story begins when Romeo and Juliet meet for the first time. They fall in love and begin to plan their wedding. However, their families do not approve of their marriage. They are forced to separate.
 Romeo and Juliet are two young lovers who fall in love with each other. They are from",0.076702,0.076702,What does HTTP stand for? HTTP HTTP HTTP HTTP HTTP HTTP HTTP HTTP HTTP HTTP HTTP HTTP HTTP HTTP HTTP HTTP HTTP HTTP HTTP HTTP HTTP HTTP HTTP HTTP HTTP HTTP HTTP HTTP HTTP HTTP HTTP HTTP HTTP HTTP HTTP HTTP HTTP HTTP HTTP HTTP HTTP HTTP HTTP HTTP HTTP HTTP HTTP HTTP HTTP HTTP HTTP HTTP HTTP HTTP HTTP HTTP HTTP HTTP HTTP HTTP HTTP HTTP HTTP HTTP HTTP HTTP HTTP HTTP HTTP HTTP HTTP HTTP HTTP HTTP HTTP HTTP HTTP HTTP HTTP HTTP HTTP HTTP HTTP HTTP HTTP HTTP HTTP HTTP HTTP HTTP HTTP HTTP HTTP HTTP HTTP HTTP HTTP HTTP HTTP HTTP,What does HTTP stand for? HTTP HTTP HTTP HTTP HTTP HTTP HTTP HTTP HTTP HTTP HTTP HTTP HTTP HTTP HTTP HTTP HTTP HTTP HTTP HTTP HTTP HTTP HTTP HTTP HTTP HTTP HTTP HTTP HTTP HTTP HTTP HTTP HTTP HTTP HTTP HTTP HTTP HTTP HTTP HTTP HTTP HTTP HTTP HTTP HTTP HTTP HTTP HTTP HTTP HTTP HTTP HTTP HTTP HTTP HTTP HTTP HTTP HTTP HTTP HTTP HTTP HTTP HTTP HTTP HTTP HTTP HTTP HTTP HTTP HTTP HTTP HTTP HTTP HTTP HTTP HTTP HTTP HTTP HTTP HTTP HTTP HTTP HTTP HTTP HTTP HTTP HTTP HTTP HTTP HTTP HTTP HTTP HTTP HTTP HTTP HTTP HTTP HTTP HTTP HTTP,0.009593,0.009593,"Give an example of a palindrome.
 Palindrome is a word that is spelled the same way on both sides of the word.
 Palindrome is a word that is spelled the same way on both sides of the word. Palindrome is a word that is spelled the same way on both sides of the word.
 Palindrome is a word that is spelled the same way on both sides of the word. Palindrome is a word that is spelled the same way on both sides of","Give an example of a palindrome.
 Palindrome is a word that is spelled the same way on both sides of the word.
 Palindrome is a word that is spelled the same way on both sides of the word. Palindrome is a word that is spelled the same way on both sides of the word.
 Palindrome is a word that is spelled the same way on both sides of the word. Palindrome is a word that is spelled the same way on both sides of",0.031619,0.031619,"How do you boil an egg perfectly?
 How do you boil an egg perfectly?
 How do you boil an egg perfectly?
 How do you boil an egg perfectly?
 How do you boil an egg perfectly?
 How do you boil an egg perfectly?
 How do you boil an egg perfectly?
 How do you boil an egg perfectly?
 How do you boil an egg perfectly?
 How do you boil an egg perfectly?
 How do you boil an egg perfectly?","How do you boil an egg perfectly?
 How do you boil an egg perfectly?
 How do you boil an egg perfectly?
 How do you boil an egg perfectly?
 How do you boil an egg perfectly?
 How do you boil an egg perfectly?
 How do you boil an egg perfectly?
 How do you boil an egg perfectly?
 How do you boil an egg perfectly?
 How do you boil an egg perfectly?
 How do you boil an egg perfectly?",0.018548,0.018548,"Describe the lifecycle of a butterfly.
 The lifecycle of a butterfly is a very interesting one. It is a very complex process that takes place over a period of about 10 days. The butterfly goes through a series of stages during its lifecycle. The first stage is the egg stage. The egg stage is the most important stage in the lifecycle of a butterfly. It is the time when the butterfly is developing its wings. The butterfly will hatch from the egg and","Describe the lifecycle of a butterfly.
 The lifecycle of a butterfly is a very interesting one. It is a very complex process that takes place over a period of about 10 days. The butterfly goes through a series of stages during its lifecycle. The first stage is the egg stage. The egg stage is the most important stage in the lifecycle of a butterfly. It is the time when the butterfly is developing its wings. The butterfly will hatch from the egg and",0.014459,0.014459
16,"Epochs = 1, lora_alpha = 64",6/9/2025 19:13,22.21,TinyLlama/TinyLlama_v1.1,yahma/alpaca-cleaned,3000,8,64,0.05,"['q_proj', 'v_proj']",1,0.0002,4,4,512,0.0251,0.0251,"No major BLEU change. Improved in 0/10 prompts, same in 10, worse in 0. Training took longer than usual.","Explain the difference between machine learning and deep learning.
 The difference between machine learning and deep learning is that the former is a method of learning from data, while the latter is a method of learning from data and then using that data to make predictions.
 The difference between machine learning and deep learning is that the former is a method of learning from data, while the latter is a method of learning from data and then using that data to make predictions.
 The difference between machine learning and deep learning is that the former is a method of learning from data","Explain the difference between machine learning and deep learning.
 The difference between machine learning and deep learning is that the former is a method of learning from data, while the latter is a method of learning from data and then using that data to make predictions.
 The difference between machine learning and deep learning is that the former is a method of learning from data, while the latter is a method of learning from data and then using that data to make predictions.
 The difference between machine learning and deep learning is that the former is a method of learning from data",0.029352,0.029352,"What is the Pythagorean theorem used for?
 What is the Pythagorean theorem used for?
 The Pythagorean theorem is used to solve problems involving the lengths of sides of right triangles.
 The Pythagorean theorem is used to solve problems involving the lengths of sides of right triangles.
 The Pythagorean theorem is used to solve problems involving the lengths of sides of right triangles.
 The Pythagorean theorem is used to solve problems involving the lengths of sides","What is the Pythagorean theorem used for?
 What is the Pythagorean theorem used for?
 The Pythagorean theorem is used to solve problems involving the lengths of sides of right triangles.
 The Pythagorean theorem is used to solve problems involving the lengths of sides of right triangles.
 The Pythagorean theorem is used to solve problems involving the lengths of sides of right triangles.
 The Pythagorean theorem is used to solve problems involving the lengths of sides",0.032992,0.032992,"List three causes of World War II.
 The first World War was a war of the people against the people. The second World War was a war of the people against the people. The third World War is a war of the people against the people.
 The first World War was a war of the people against the people. The second World War was a war of the people against the people. The third World War is a war of the people against the people.
 The first World War was a war of the people against the people","List three causes of World War II.
 The first World War was a war of the people against the people. The second World War was a war of the people against the people. The third World War is a war of the people against the people.
 The first World War was a war of the people against the people. The second World War was a war of the people against the people. The third World War is a war of the people against the people.
 The first World War was a war of the people against the people",0.020566,0.020566,"Translate 'Good morning' into French.
 The French language is a language of the Romance family. It is spoken by 220 million people in France, Belgium, Monaco, Switzerland, and the overseas territories of France.
 The French language is a language of the Romance family. It is spoken by 220 million people in France, Belgium, Monaco, Switzerland, and the overseas territories of France. The French language is the official language of France, and is","Translate 'Good morning' into French.
 The French language is a language of the Romance family. It is spoken by 220 million people in France, Belgium, Monaco, Switzerland, and the overseas territories of France.
 The French language is a language of the Romance family. It is spoken by 220 million people in France, Belgium, Monaco, Switzerland, and the overseas territories of France. The French language is the official language of France, and is",0.018472,0.018472,What are some benefits of daily exercise? What are some benefits of daily exercise? What are some benefits of daily exercise? What are some benefits of daily exercise? What are some benefits of daily exercise? What are some benefits of daily exercise? What are some benefits of daily exercise? What are some benefits of daily exercise? What are some benefits of daily exercise? What are some benefits of daily exercise? What are some benefits of daily exercise? What are some benefits of daily exercise? What are some benefits of daily exercise? What are some benefits,What are some benefits of daily exercise? What are some benefits of daily exercise? What are some benefits of daily exercise? What are some benefits of daily exercise? What are some benefits of daily exercise? What are some benefits of daily exercise? What are some benefits of daily exercise? What are some benefits of daily exercise? What are some benefits of daily exercise? What are some benefits of daily exercise? What are some benefits of daily exercise? What are some benefits of daily exercise? What are some benefits of daily exercise? What are some benefits,0.015006,0.015006,"Summarize the plot of Romeo and Juliet.
 The plot of Romeo and Juliet is a tragedy by William Shakespeare. It is set in Verona, Italy, in the summer of 1399. The play is divided into two parts, each of which is divided into three acts. The first part is the prologue, in which the audience is introduced to the characters and the setting. The second part is the first act, in which the story begins. The third part is the second act, in which","Summarize the plot of Romeo and Juliet.
 The plot of Romeo and Juliet is a tragedy by William Shakespeare. It is set in Verona, Italy, in the summer of 1399. The play is divided into two parts, each of which is divided into three acts. The first part is the prologue, in which the audience is introduced to the characters and the setting. The second part is the first act, in which the story begins. The third part is the second act, in which",0.068864,0.068864,What does HTTP stand for? HTTP HTTP HTTP HTTP HTTP HTTP HTTP HTTP HTTP HTTP HTTP HTTP HTTP HTTP HTTP HTTP HTTP HTTP HTTP HTTP HTTP HTTP HTTP HTTP HTTP HTTP HTTP HTTP HTTP HTTP HTTP HTTP HTTP HTTP HTTP HTTP HTTP HTTP HTTP HTTP HTTP HTTP HTTP HTTP HTTP HTTP HTTP HTTP HTTP HTTP HTTP HTTP HTTP HTTP HTTP HTTP HTTP HTTP HTTP HTTP HTTP HTTP HTTP HTTP HTTP HTTP HTTP HTTP HTTP HTTP HTTP HTTP HTTP HTTP HTTP HTTP HTTP HTTP HTTP HTTP HTTP HTTP HTTP HTTP HTTP HTTP HTTP HTTP HTTP HTTP HTTP HTTP HTTP HTTP HTTP HTTP HTTP HTTP HTTP HTTP,What does HTTP stand for? HTTP HTTP HTTP HTTP HTTP HTTP HTTP HTTP HTTP HTTP HTTP HTTP HTTP HTTP HTTP HTTP HTTP HTTP HTTP HTTP HTTP HTTP HTTP HTTP HTTP HTTP HTTP HTTP HTTP HTTP HTTP HTTP HTTP HTTP HTTP HTTP HTTP HTTP HTTP HTTP HTTP HTTP HTTP HTTP HTTP HTTP HTTP HTTP HTTP HTTP HTTP HTTP HTTP HTTP HTTP HTTP HTTP HTTP HTTP HTTP HTTP HTTP HTTP HTTP HTTP HTTP HTTP HTTP HTTP HTTP HTTP HTTP HTTP HTTP HTTP HTTP HTTP HTTP HTTP HTTP HTTP HTTP HTTP HTTP HTTP HTTP HTTP HTTP HTTP HTTP HTTP HTTP HTTP HTTP HTTP HTTP HTTP HTTP HTTP HTTP,0.009593,0.009593,"Give an example of a palindrome.
 Palindrome definition is - a word or phrase that is the same in both its upper and lower case forms. How to use palindrome in a sentence.
 Palindrome definition is - a word or phrase that is the same in both its upper and lower case forms. How to use palindrome in a sentence.
 Palindrome definition is - a word or phrase that is the same in both its upper and lower case forms. How to use palindrome in a","Give an example of a palindrome.
 Palindrome definition is - a word or phrase that is the same in both its upper and lower case forms. How to use palindrome in a sentence.
 Palindrome definition is - a word or phrase that is the same in both its upper and lower case forms. How to use palindrome in a sentence.
 Palindrome definition is - a word or phrase that is the same in both its upper and lower case forms. How to use palindrome in a",0.025964,0.025964,"How do you boil an egg perfectly?
 How do you boil an egg perfectly?
 How do you boil an egg perfectly?
 How do you boil an egg perfectly?
 How do you boil an egg perfectly?
 How do you boil an egg perfectly?
 How do you boil an egg perfectly?
 How do you boil an egg perfectly?
 How do you boil an egg perfectly?
 How do you boil an egg perfectly?
 How do you boil an egg perfectly?","How do you boil an egg perfectly?
 How do you boil an egg perfectly?
 How do you boil an egg perfectly?
 How do you boil an egg perfectly?
 How do you boil an egg perfectly?
 How do you boil an egg perfectly?
 How do you boil an egg perfectly?
 How do you boil an egg perfectly?
 How do you boil an egg perfectly?
 How do you boil an egg perfectly?
 How do you boil an egg perfectly?",0.018548,0.018548,"Describe the lifecycle of a butterfly.
 The lifecycle of a butterfly is a complex one. The butterfly's life cycle begins with the egg. The egg is laid on the underside of a leaf or on the ground. The egg is then covered with a protective case. The egg is then covered with a protective case. The egg is then covered with a protective case. The egg is then covered with a protective case. The egg is then covered with a protective case. The egg","Describe the lifecycle of a butterfly.
 The lifecycle of a butterfly is a complex one. The butterfly's life cycle begins with the egg. The egg is laid on the underside of a leaf or on the ground. The egg is then covered with a protective case. The egg is then covered with a protective case. The egg is then covered with a protective case. The egg is then covered with a protective case. The egg is then covered with a protective case. The egg",0.012013,0.012013
17,"Epochs = 3, lora_alpha = 16",6/9/2025 20:33,63.73,TinyLlama/TinyLlama_v1.1,yahma/alpaca-cleaned,3000,8,16,0.05,"['q_proj', 'v_proj']",3,0.0002,4,4,512,0.0387,0.0387,"No major BLEU change. Improved in 0/10 prompts, same in 10, worse in 0. Training took longer than usual.","Explain the difference between machine learning and deep learning.
 The difference between machine learning and deep learning is that the former is a method of learning from data, while the latter is a method of learning from data and then using that data to make predictions.
 The difference between machine learning and deep learning is that the former is a method of learning from data, while the latter is a method of learning from data and then using that data to make predictions.
 The difference between machine learning and deep learning is that the former is a method of learning from data","Explain the difference between machine learning and deep learning.
 The difference between machine learning and deep learning is that the former is a method of learning from data, while the latter is a method of learning from data and then using that data to make predictions.
 The difference between machine learning and deep learning is that the former is a method of learning from data, while the latter is a method of learning from data and then using that data to make predictions.
 The difference between machine learning and deep learning is that the former is a method of learning from data",0.029352,0.029352,"What is the Pythagorean theorem used for?
 What is the Pythagorean theorem used for?
 The Pythagorean theorem is used to solve problems involving the lengths of the sides of a right triangle.
 The Pythagorean theorem is used to solve problems involving the lengths of the sides of a right triangle. The Pythagorean theorem states that the square of the hypotenuse of a right triangle is equal to the sum of the squares of the other two sides.
 The Pythag","What is the Pythagorean theorem used for?
 What is the Pythagorean theorem used for?
 The Pythagorean theorem is used to solve problems involving the lengths of the sides of a right triangle.
 The Pythagorean theorem is used to solve problems involving the lengths of the sides of a right triangle. The Pythagorean theorem states that the square of the hypotenuse of a right triangle is equal to the sum of the squares of the other two sides.
 The Pythag",0.038222,0.038222,"List three causes of World War II.
 The United States and the Soviet Union signed the Anti-Ballistic Missile Treaty in 1972. The treaty prohibited the development of anti-ballistic missiles. The treaty was signed by President Richard Nixon and Soviet Premier Leonid Brezhnev.
 The treaty was signed in response to the Soviet Union's development of the SS-20 missile. The treaty was signed in response to the Soviet Union's development of","List three causes of World War II.
 The United States and the Soviet Union signed the Anti-Ballistic Missile Treaty in 1972. The treaty prohibited the development of anti-ballistic missiles. The treaty was signed by President Richard Nixon and Soviet Premier Leonid Brezhnev.
 The treaty was signed in response to the Soviet Union's development of the SS-20 missile. The treaty was signed in response to the Soviet Union's development of",0.03512,0.03512,"Translate 'Good morning' into French.
 The French language is a language of the Romance family. It is spoken by more than 250 million people in France, Belgium, Monaco, Switzerland, and other countries.
 The French language is a language of the Romance family. It is spoken by more than 250 million people in France, Belgium, Monaco, Switzerland, and other countries. The French language is the official language of France, Belgium, Monaco, Switzerland, Canada,","Translate 'Good morning' into French.
 The French language is a language of the Romance family. It is spoken by more than 250 million people in France, Belgium, Monaco, Switzerland, and other countries.
 The French language is a language of the Romance family. It is spoken by more than 250 million people in France, Belgium, Monaco, Switzerland, and other countries. The French language is the official language of France, Belgium, Monaco, Switzerland, Canada,",0.018472,0.018472,What are some benefits of daily exercise? What are some benefits of daily exercise? What are some benefits of daily exercise? What are some benefits of daily exercise? What are some benefits of daily exercise? What are some benefits of daily exercise? What are some benefits of daily exercise? What are some benefits of daily exercise? What are some benefits of daily exercise? What are some benefits of daily exercise? What are some benefits of daily exercise? What are some benefits of daily exercise? What are some benefits of daily exercise? What are some benefits,What are some benefits of daily exercise? What are some benefits of daily exercise? What are some benefits of daily exercise? What are some benefits of daily exercise? What are some benefits of daily exercise? What are some benefits of daily exercise? What are some benefits of daily exercise? What are some benefits of daily exercise? What are some benefits of daily exercise? What are some benefits of daily exercise? What are some benefits of daily exercise? What are some benefits of daily exercise? What are some benefits of daily exercise? What are some benefits,0.015006,0.015006,"Summarize the plot of Romeo and Juliet.
 The plot of Romeo and Juliet is a tragedy written by William Shakespeare in 1597. The play is set in Verona, Italy, in the time of the feud between the Montague and Capulet families. The play is divided into two parts, the Prologue and the Aria. The Prologue is a speech by the Lord Chamberlain, who introduces the play and the characters. The Aria is a speech by the Nur","Summarize the plot of Romeo and Juliet.
 The plot of Romeo and Juliet is a tragedy written by William Shakespeare in 1597. The play is set in Verona, Italy, in the time of the feud between the Montague and Capulet families. The play is divided into two parts, the Prologue and the Aria. The Prologue is a speech by the Lord Chamberlain, who introduces the play and the characters. The Aria is a speech by the Nur",0.077194,0.077194,What does HTTP stand for? HTTP HTTP HTTP HTTP HTTP HTTP HTTP HTTP HTTP HTTP HTTP HTTP HTTP HTTP HTTP HTTP HTTP HTTP HTTP HTTP HTTP HTTP HTTP HTTP HTTP HTTP HTTP HTTP HTTP HTTP HTTP HTTP HTTP HTTP HTTP HTTP HTTP HTTP HTTP HTTP HTTP HTTP HTTP HTTP HTTP HTTP HTTP HTTP HTTP HTTP HTTP HTTP HTTP HTTP HTTP HTTP HTTP HTTP HTTP HTTP HTTP HTTP HTTP HTTP HTTP HTTP HTTP HTTP HTTP HTTP HTTP HTTP HTTP HTTP HTTP HTTP HTTP HTTP HTTP HTTP HTTP HTTP HTTP HTTP HTTP HTTP HTTP HTTP HTTP HTTP HTTP HTTP HTTP HTTP HTTP HTTP HTTP HTTP HTTP HTTP,What does HTTP stand for? HTTP HTTP HTTP HTTP HTTP HTTP HTTP HTTP HTTP HTTP HTTP HTTP HTTP HTTP HTTP HTTP HTTP HTTP HTTP HTTP HTTP HTTP HTTP HTTP HTTP HTTP HTTP HTTP HTTP HTTP HTTP HTTP HTTP HTTP HTTP HTTP HTTP HTTP HTTP HTTP HTTP HTTP HTTP HTTP HTTP HTTP HTTP HTTP HTTP HTTP HTTP HTTP HTTP HTTP HTTP HTTP HTTP HTTP HTTP HTTP HTTP HTTP HTTP HTTP HTTP HTTP HTTP HTTP HTTP HTTP HTTP HTTP HTTP HTTP HTTP HTTP HTTP HTTP HTTP HTTP HTTP HTTP HTTP HTTP HTTP HTTP HTTP HTTP HTTP HTTP HTTP HTTP HTTP HTTP HTTP HTTP HTTP HTTP HTTP HTTP,0.009593,0.009593,"Give an example of a palindrome.
 Palindrome: A palindrome is a word or phrase that reads the same backward and forward.
 Palindrome: A palindrome is a word or phrase that reads the same backward and forward. A palindrome is a word or phrase that reads the same backward and forward.
 Palindrome: A palindrome is a word or phrase that reads the same backward and forward.
 Palindrome: A palindrome is a word or","Give an example of a palindrome.
 Palindrome: A palindrome is a word or phrase that reads the same backward and forward.
 Palindrome: A palindrome is a word or phrase that reads the same backward and forward. A palindrome is a word or phrase that reads the same backward and forward.
 Palindrome: A palindrome is a word or phrase that reads the same backward and forward.
 Palindrome: A palindrome is a word or",0.134037,0.134037,"How do you boil an egg perfectly?
 How do you boil an egg perfectly?
 How do you boil an egg perfectly?
 How do you boil an egg perfectly?
 How do you boil an egg perfectly?
 How do you boil an egg perfectly?
 How do you boil an egg perfectly?
 How do you boil an egg perfectly?
 How do you boil an egg perfectly?
 How do you boil an egg perfectly?
 How do you boil an egg perfectly?","How do you boil an egg perfectly?
 How do you boil an egg perfectly?
 How do you boil an egg perfectly?
 How do you boil an egg perfectly?
 How do you boil an egg perfectly?
 How do you boil an egg perfectly?
 How do you boil an egg perfectly?
 How do you boil an egg perfectly?
 How do you boil an egg perfectly?
 How do you boil an egg perfectly?
 How do you boil an egg perfectly?",0.018548,0.018548,"Describe the lifecycle of a butterfly.
 The lifecycle of a butterfly is a very interesting one. It is a very long one. It starts with the egg. The egg is laid on the ground. It is a very small egg. It is about the size of a pea. The egg is laid on the ground. It is a very small egg. It is about the size of a pea. The egg is laid on the ground. It is a very small egg. It is about the size of a","Describe the lifecycle of a butterfly.
 The lifecycle of a butterfly is a very interesting one. It is a very long one. It starts with the egg. The egg is laid on the ground. It is a very small egg. It is about the size of a pea. The egg is laid on the ground. It is a very small egg. It is about the size of a pea. The egg is laid on the ground. It is a very small egg. It is about the size of a",0.011332,0.011332
18,"Epochs = 3, lora_alpha = 32",6/9/2025 21:45,63.83,TinyLlama/TinyLlama_v1.1,yahma/alpaca-cleaned,3000,8,32,0.05,"['q_proj', 'v_proj']",3,0.0002,4,4,512,0.0268,0.0268,"No major BLEU change. Improved in 0/10 prompts, same in 10, worse in 0. Training took longer than usual.","Explain the difference between machine learning and deep learning.
The difference between machine learning and deep learning is that the former is a method of learning from data, while the latter is a method of learning from data and then applying it to a problem.
The difference between machine learning and deep learning is that the former is a method of learning from data, while the latter is a method of learning from data and then applying it to a problem.
The difference between machine learning and deep learning is that the former is a method of learning from data, while","Explain the difference between machine learning and deep learning.
The difference between machine learning and deep learning is that the former is a method of learning from data, while the latter is a method of learning from data and then applying it to a problem.
The difference between machine learning and deep learning is that the former is a method of learning from data, while the latter is a method of learning from data and then applying it to a problem.
The difference between machine learning and deep learning is that the former is a method of learning from data, while",0.029645185,0.029645185,"What is the Pythagorean theorem used for?
What is the Pythagorean theorem used for?
The Pythagorean theorem is used to solve problems involving the lengths of two sides of a right triangle.
The Pythagorean theorem is used to solve problems involving the lengths of two sides of a right triangle. The Pythagorean theorem states that the square of the hypotenuse of a right triangle is equal to the sum of the squares of the other two sides.
The Pythag","What is the Pythagorean theorem used for?
What is the Pythagorean theorem used for?
The Pythagorean theorem is used to solve problems involving the lengths of two sides of a right triangle.
The Pythagorean theorem is used to solve problems involving the lengths of two sides of a right triangle. The Pythagorean theorem states that the square of the hypotenuse of a right triangle is equal to the sum of the squares of the other two sides.
The Pythag",0.038221931,0.038221931,"List three causes of World War II.
The United States has been the world's leading military power since the end of World War II. The United States has been the world's leading military power since the end of World War II.
The United States has been the world's leading military power since the end of World War II. The United States has been the world's leading military power since the end of World War II.
The United States has been the world's leading military power since the end of World","List three causes of World War II.
The United States has been the world's leading military power since the end of World War II. The United States has been the world's leading military power since the end of World War II.
The United States has been the world's leading military power since the end of World War II. The United States has been the world's leading military power since the end of World War II.
The United States has been the world's leading military power since the end of World",0.022409934,0.022409934,"Translate 'Good morning' into French.
The French language is a language of the Romance family, which is a group of languages that includes Italian, Spanish, Portuguese, Romanian, and Romanian.
The French language is a language of the Romance family, which is a group of languages that includes Italian, Spanish, Portuguese, Romanian, and Romanian. The French language is spoken in France, Belgium, Switzerland, Canada, and the United States.
The French language is a language of the Romance family","Translate 'Good morning' into French.
The French language is a language of the Romance family, which is a group of languages that includes Italian, Spanish, Portuguese, Romanian, and Romanian.
The French language is a language of the Romance family, which is a group of languages that includes Italian, Spanish, Portuguese, Romanian, and Romanian. The French language is spoken in France, Belgium, Switzerland, Canada, and the United States.
The French language is a language of the Romance family",0.017261011,0.017261011,What are some benefits of daily exercise? What are some benefits of daily exercise? What are some benefits of daily exercise? What are some benefits of daily exercise? What are some benefits of daily exercise? What are some benefits of daily exercise? What are some benefits of daily exercise? What are some benefits of daily exercise? What are some benefits of daily exercise? What are some benefits of daily exercise? What are some benefits of daily exercise? What are some benefits of daily exercise? What are some benefits of daily exercise? What are some benefits,What are some benefits of daily exercise? What are some benefits of daily exercise? What are some benefits of daily exercise? What are some benefits of daily exercise? What are some benefits of daily exercise? What are some benefits of daily exercise? What are some benefits of daily exercise? What are some benefits of daily exercise? What are some benefits of daily exercise? What are some benefits of daily exercise? What are some benefits of daily exercise? What are some benefits of daily exercise? What are some benefits of daily exercise? What are some benefits,0.015005501,0.015005501,"Summarize the plot of Romeo and Juliet.
The plot of Romeo and Juliet is a tragedy written by William Shakespeare in 1597. The play is set in Verona, Italy, in the time of the feud between the Montague and Capulet families. The play is divided into two parts, the first part is the prologue and the second part is the balcony scene. The play is divided into two parts, the first part is the prologue and the second part is","Summarize the plot of Romeo and Juliet.
The plot of Romeo and Juliet is a tragedy written by William Shakespeare in 1597. The play is set in Verona, Italy, in the time of the feud between the Montague and Capulet families. The play is divided into two parts, the first part is the prologue and the second part is the balcony scene. The play is divided into two parts, the first part is the prologue and the second part is",0.072340336,0.072340336,What does HTTP stand for? HTTP HTTP HTTP HTTP HTTP HTTP HTTP HTTP HTTP HTTP HTTP HTTP HTTP HTTP HTTP HTTP HTTP HTTP HTTP HTTP HTTP HTTP HTTP HTTP HTTP HTTP HTTP HTTP HTTP HTTP HTTP HTTP HTTP HTTP HTTP HTTP HTTP HTTP HTTP HTTP HTTP HTTP HTTP HTTP HTTP HTTP HTTP HTTP HTTP HTTP HTTP HTTP HTTP HTTP HTTP HTTP HTTP HTTP HTTP HTTP HTTP HTTP HTTP HTTP HTTP HTTP HTTP HTTP HTTP HTTP HTTP HTTP HTTP HTTP HTTP HTTP HTTP HTTP HTTP HTTP HTTP HTTP HTTP HTTP HTTP HTTP HTTP HTTP HTTP HTTP HTTP HTTP HTTP HTTP HTTP HTTP HTTP HTTP HTTP HTTP,What does HTTP stand for? HTTP HTTP HTTP HTTP HTTP HTTP HTTP HTTP HTTP HTTP HTTP HTTP HTTP HTTP HTTP HTTP HTTP HTTP HTTP HTTP HTTP HTTP HTTP HTTP HTTP HTTP HTTP HTTP HTTP HTTP HTTP HTTP HTTP HTTP HTTP HTTP HTTP HTTP HTTP HTTP HTTP HTTP HTTP HTTP HTTP HTTP HTTP HTTP HTTP HTTP HTTP HTTP HTTP HTTP HTTP HTTP HTTP HTTP HTTP HTTP HTTP HTTP HTTP HTTP HTTP HTTP HTTP HTTP HTTP HTTP HTTP HTTP HTTP HTTP HTTP HTTP HTTP HTTP HTTP HTTP HTTP HTTP HTTP HTTP HTTP HTTP HTTP HTTP HTTP HTTP HTTP HTTP HTTP HTTP HTTP HTTP HTTP HTTP HTTP HTTP,0.00959263,0.00959263,"Give an example of a palindrome.
Palindrome definition is - a word or phrase that is the same in both its upper and lower cases. How to use palindrome in a sentence.
Palindrome definition is - a word or phrase that is the same in both its upper and lower cases. How to use palindrome in a sentence.
Palindrome definition is - a word or phrase that is the same in both its upper and lower cases. How to use palindrome in a sentence.","Give an example of a palindrome.
Palindrome definition is - a word or phrase that is the same in both its upper and lower cases. How to use palindrome in a sentence.
Palindrome definition is - a word or phrase that is the same in both its upper and lower cases. How to use palindrome in a sentence.
Palindrome definition is - a word or phrase that is the same in both its upper and lower cases. How to use palindrome in a sentence.",0.026588276,0.026588276,"How do you boil an egg perfectly?
How do you boil an egg perfectly?
How do you boil an egg perfectly?
How do you boil an egg perfectly?
How do you boil an egg perfectly?
How do you boil an egg perfectly?
How do you boil an egg perfectly?
How do you boil an egg perfectly?
How do you boil an egg perfectly?
How do you boil an egg perfectly?
How do you boil an egg perfectly?","How do you boil an egg perfectly?
How do you boil an egg perfectly?
How do you boil an egg perfectly?
How do you boil an egg perfectly?
How do you boil an egg perfectly?
How do you boil an egg perfectly?
How do you boil an egg perfectly?
How do you boil an egg perfectly?
How do you boil an egg perfectly?
How do you boil an egg perfectly?
How do you boil an egg perfectly?",0.018548164,0.018548164,"Describe the lifecycle of a butterfly.
The lifecycle of a butterfly is a complex one. The butterfly's life cycle is divided into three stages: egg, larva, and pupa. The egg is the first stage of the butterfly's life cycle. It is a small, white, oval-shaped egg that is laid on the ground. The egg is laid on a leaf or other surface. The egg is then covered with a protective covering called a chitin.","Describe the lifecycle of a butterfly.
The lifecycle of a butterfly is a complex one. The butterfly's life cycle is divided into three stages: egg, larva, and pupa. The egg is the first stage of the butterfly's life cycle. It is a small, white, oval-shaped egg that is laid on the ground. The egg is laid on a leaf or other surface. The egg is then covered with a protective covering called a chitin.",0.017968036,0.017968036
19,"Epochs = 3, lora_alpha = 64",6/9/2025 22:56,63.81,TinyLlama/TinyLlama_v1.1,yahma/alpaca-cleaned,3000,8,64,0.05,"['q_proj', 'v_proj']",3,0.0002,4,4,512,0.0291,0.0291,"No major BLEU change. Improved in 0/10 prompts, same in 10, worse in 0. Training took longer than usual.","Explain the difference between machine learning and deep learning.
 The difference between machine learning and deep learning is that the former is a method of learning from data, while the latter is a method of learning from data and then applying it to a problem.
 The difference between machine learning and deep learning is that the former is a method of learning from data, while the latter is a method of learning from data and then applying it to a problem.
 The difference between machine learning and deep learning is that the former is a method of learning from data, while","Explain the difference between machine learning and deep learning.
 The difference between machine learning and deep learning is that the former is a method of learning from data, while the latter is a method of learning from data and then applying it to a problem.
 The difference between machine learning and deep learning is that the former is a method of learning from data, while the latter is a method of learning from data and then applying it to a problem.
 The difference between machine learning and deep learning is that the former is a method of learning from data, while",0.029645,0.029645,"What is the Pythagorean theorem used for?
 What is the Pythagorean theorem used for?
 The Pythagorean theorem is used to solve problems involving the lengths of the sides of a right triangle.
 The Pythagorean theorem is used to solve problems involving the lengths of the sides of a right triangle. The Pythagorean theorem states that the square of the hypotenuse of a right triangle is equal to the sum of the squares of the other two sides.
 The Pythag","What is the Pythagorean theorem used for?
 What is the Pythagorean theorem used for?
 The Pythagorean theorem is used to solve problems involving the lengths of the sides of a right triangle.
 The Pythagorean theorem is used to solve problems involving the lengths of the sides of a right triangle. The Pythagorean theorem states that the square of the hypotenuse of a right triangle is equal to the sum of the squares of the other two sides.
 The Pythag",0.038222,0.038222,"List three causes of World War II.
 The United States has been the world's most powerful nation for the last 100 years.
 The United States has been the world's most powerful nation for the last 100 years. The United States has been the world's most powerful nation for the last 100 years. The United States has been the world's most powerful nation for the last 100 years. The United States has been the world's most powerful nation for the","List three causes of World War II.
 The United States has been the world's most powerful nation for the last 100 years.
 The United States has been the world's most powerful nation for the last 100 years. The United States has been the world's most powerful nation for the last 100 years. The United States has been the world's most powerful nation for the last 100 years. The United States has been the world's most powerful nation for the",0.022727,0.022727,"Translate 'Good morning' into French.
 The French language is a language of the Romance family. It is spoken by 220 million people in France, and by 250 million people in the rest of the world.
 The French language is a language of the Romance family. It is spoken by 220 million people in France, and by 250 million people in the rest of the world. The French language is the official language of France, and is also spoken in Belgium,","Translate 'Good morning' into French.
 The French language is a language of the Romance family. It is spoken by 220 million people in France, and by 250 million people in the rest of the world.
 The French language is a language of the Romance family. It is spoken by 220 million people in France, and by 250 million people in the rest of the world. The French language is the official language of France, and is also spoken in Belgium,",0.016608,0.016608,"What are some benefits of daily exercise?
 What are some benefits of daily exercise?
 What are some benefits of daily exercise?
 What are some benefits of daily exercise?
 What are some benefits of daily exercise?
 What are some benefits of daily exercise?
 What are some benefits of daily exercise?
 What are some benefits of daily exercise?
 What are some benefits of daily exercise?
 What are some benefits of daily exercise?
 What are some benefits of daily exercise?
 What are some benefits of daily exercise?","What are some benefits of daily exercise?
 What are some benefits of daily exercise?
 What are some benefits of daily exercise?
 What are some benefits of daily exercise?
 What are some benefits of daily exercise?
 What are some benefits of daily exercise?
 What are some benefits of daily exercise?
 What are some benefits of daily exercise?
 What are some benefits of daily exercise?
 What are some benefits of daily exercise?
 What are some benefits of daily exercise?
 What are some benefits of daily exercise?",0.016988,0.016988,"Summarize the plot of Romeo and Juliet.
 The plot of Romeo and Juliet is a tragedy by William Shakespeare. It is one of his most famous plays. The play is set in Verona, Italy, in the summer of 1392. The play is about two young lovers, Romeo and Juliet.
 The plot of Romeo and Juliet is a tragedy by William Shakespeare. It is one of his most famous plays. The play is set in Verona, Italy, in","Summarize the plot of Romeo and Juliet.
 The plot of Romeo and Juliet is a tragedy by William Shakespeare. It is one of his most famous plays. The play is set in Verona, Italy, in the summer of 1392. The play is about two young lovers, Romeo and Juliet.
 The plot of Romeo and Juliet is a tragedy by William Shakespeare. It is one of his most famous plays. The play is set in Verona, Italy, in",0.088912,0.088912,What does HTTP stand for? HTTP HTTP HTTP HTTP HTTP HTTP HTTP HTTP HTTP HTTP HTTP HTTP HTTP HTTP HTTP HTTP HTTP HTTP HTTP HTTP HTTP HTTP HTTP HTTP HTTP HTTP HTTP HTTP HTTP HTTP HTTP HTTP HTTP HTTP HTTP HTTP HTTP HTTP HTTP HTTP HTTP HTTP HTTP HTTP HTTP HTTP HTTP HTTP HTTP HTTP HTTP HTTP HTTP HTTP HTTP HTTP HTTP HTTP HTTP HTTP HTTP HTTP HTTP HTTP HTTP HTTP HTTP HTTP HTTP HTTP HTTP HTTP HTTP HTTP HTTP HTTP HTTP HTTP HTTP HTTP HTTP HTTP HTTP HTTP HTTP HTTP HTTP HTTP HTTP HTTP HTTP HTTP HTTP HTTP HTTP HTTP HTTP HTTP HTTP HTTP,What does HTTP stand for? HTTP HTTP HTTP HTTP HTTP HTTP HTTP HTTP HTTP HTTP HTTP HTTP HTTP HTTP HTTP HTTP HTTP HTTP HTTP HTTP HTTP HTTP HTTP HTTP HTTP HTTP HTTP HTTP HTTP HTTP HTTP HTTP HTTP HTTP HTTP HTTP HTTP HTTP HTTP HTTP HTTP HTTP HTTP HTTP HTTP HTTP HTTP HTTP HTTP HTTP HTTP HTTP HTTP HTTP HTTP HTTP HTTP HTTP HTTP HTTP HTTP HTTP HTTP HTTP HTTP HTTP HTTP HTTP HTTP HTTP HTTP HTTP HTTP HTTP HTTP HTTP HTTP HTTP HTTP HTTP HTTP HTTP HTTP HTTP HTTP HTTP HTTP HTTP HTTP HTTP HTTP HTTP HTTP HTTP HTTP HTTP HTTP HTTP HTTP HTTP,0.009593,0.009593,"Give an example of a palindrome.
 Palindrome is a word that is spelled the same way on both sides of the word.
 Palindrome is a word that is spelled the same way on both sides of the word. Palindrome is a word that is spelled the same way on both sides of the word. Palindrome is a word that is spelled the same way on both sides of the word. Palindrome is a word that is spelled the same way on both sides of the","Give an example of a palindrome.
 Palindrome is a word that is spelled the same way on both sides of the word.
 Palindrome is a word that is spelled the same way on both sides of the word. Palindrome is a word that is spelled the same way on both sides of the word. Palindrome is a word that is spelled the same way on both sides of the word. Palindrome is a word that is spelled the same way on both sides of the",0.031244,0.031244,"How do you boil an egg perfectly?
 How do you boil an egg perfectly?
 How do you boil an egg perfectly?
 How do you boil an egg perfectly?
 How do you boil an egg perfectly?
 How do you boil an egg perfectly?
 How do you boil an egg perfectly?
 How do you boil an egg perfectly?
 How do you boil an egg perfectly?
 How do you boil an egg perfectly?
 How do you boil an egg perfectly?","How do you boil an egg perfectly?
 How do you boil an egg perfectly?
 How do you boil an egg perfectly?
 How do you boil an egg perfectly?
 How do you boil an egg perfectly?
 How do you boil an egg perfectly?
 How do you boil an egg perfectly?
 How do you boil an egg perfectly?
 How do you boil an egg perfectly?
 How do you boil an egg perfectly?
 How do you boil an egg perfectly?",0.018548,0.018548,"Describe the lifecycle of a butterfly.
 The lifecycle of a butterfly is a very interesting one. It is a very long one, and it is very interesting to watch.
 The lifecycle of a butterfly is a very interesting one. It is a very long one, and it is very interesting to watch. The butterfly's lifecycle is divided into three stages: egg, larva, and pupa.
 The butterfly's lifecycle is divided into three stages: egg,","Describe the lifecycle of a butterfly.
 The lifecycle of a butterfly is a very interesting one. It is a very long one, and it is very interesting to watch.
 The lifecycle of a butterfly is a very interesting one. It is a very long one, and it is very interesting to watch. The butterfly's lifecycle is divided into three stages: egg, larva, and pupa.
 The butterfly's lifecycle is divided into three stages: egg,",0.018217,0.018217
20,"Epochs = 3, lora_alpha = 16, gradient_accum = 2",6/10/2025 11:31,68.41,TinyLlama/TinyLlama_v1.1,yahma/alpaca-cleaned,3000,8,16,0.05,"['q_proj', 'v_proj']",3,0.0002,4,2,512,0.0276,0.0276,"No major BLEU change. Improved in 0/10 prompts, same in 10, worse in 0. Training took longer than usual.","Explain the difference between machine learning and deep learning.
 The difference between machine learning and deep learning is that the former is a method of learning from data, while the latter is a method of learning from data and then using that data to make predictions.
 The difference between machine learning and deep learning is that the former is a method of learning from data, while the latter is a method of learning from data and then using that data to make predictions.
 The difference between machine learning and deep learning is that the former is a method of learning from data","Explain the difference between machine learning and deep learning.
 The difference between machine learning and deep learning is that the former is a method of learning from data, while the latter is a method of learning from data and then using that data to make predictions.
 The difference between machine learning and deep learning is that the former is a method of learning from data, while the latter is a method of learning from data and then using that data to make predictions.
 The difference between machine learning and deep learning is that the former is a method of learning from data",0.029352,0.029352,"What is the Pythagorean theorem used for?
 What is the Pythagorean theorem used for?
 The Pythagorean theorem is used to solve problems involving the lengths of two sides of a right triangle.
 The Pythagorean theorem is used to solve problems involving the lengths of two sides of a right triangle. The Pythagorean theorem states that the square of the hypotenuse of a right triangle is equal to the sum of the squares of the other two sides.
 The Pythag","What is the Pythagorean theorem used for?
 What is the Pythagorean theorem used for?
 The Pythagorean theorem is used to solve problems involving the lengths of two sides of a right triangle.
 The Pythagorean theorem is used to solve problems involving the lengths of two sides of a right triangle. The Pythagorean theorem states that the square of the hypotenuse of a right triangle is equal to the sum of the squares of the other two sides.
 The Pythag",0.038222,0.038222,"List three causes of World War II.
 The first World War was a war of the people against the people. The second World War was a war of the people against the people. The third World War is a war of the people against the people.
 The first World War was a war of the people against the people. The second World War was a war of the people against the people. The third World War is a war of the people against the people.
 The first World War was a war of the people against the people","List three causes of World War II.
 The first World War was a war of the people against the people. The second World War was a war of the people against the people. The third World War is a war of the people against the people.
 The first World War was a war of the people against the people. The second World War was a war of the people against the people. The third World War is a war of the people against the people.
 The first World War was a war of the people against the people",0.020566,0.020566,"Translate 'Good morning' into French.
 The French language is a language of the Romance family. It is spoken by 220 million people in France, and by 200 million people in the rest of the world.
 The French language is a language of the Romance family. It is spoken by 220 million people in France, and by 200 million people in the rest of the world. The French language is the official language of France, and is also spoken in the following countries","Translate 'Good morning' into French.
 The French language is a language of the Romance family. It is spoken by 220 million people in France, and by 200 million people in the rest of the world.
 The French language is a language of the Romance family. It is spoken by 220 million people in France, and by 200 million people in the rest of the world. The French language is the official language of France, and is also spoken in the following countries",0.016199,0.016199,What are some benefits of daily exercise? What are some benefits of daily exercise? What are some benefits of daily exercise? What are some benefits of daily exercise? What are some benefits of daily exercise? What are some benefits of daily exercise? What are some benefits of daily exercise? What are some benefits of daily exercise? What are some benefits of daily exercise? What are some benefits of daily exercise? What are some benefits of daily exercise? What are some benefits of daily exercise? What are some benefits of daily exercise? What are some benefits,What are some benefits of daily exercise? What are some benefits of daily exercise? What are some benefits of daily exercise? What are some benefits of daily exercise? What are some benefits of daily exercise? What are some benefits of daily exercise? What are some benefits of daily exercise? What are some benefits of daily exercise? What are some benefits of daily exercise? What are some benefits of daily exercise? What are some benefits of daily exercise? What are some benefits of daily exercise? What are some benefits of daily exercise? What are some benefits,0.015006,0.015006,"Summarize the plot of Romeo and Juliet.
 The plot of Romeo and Juliet is a tragedy written by William Shakespeare in 1597. The play is set in Verona, Italy, in the middle of the 15th century. The play is about two young lovers, Romeo and Juliet, who are in love with each other. The play is about the problems that can arise when two people fall in love.
 The plot of Romeo and Juliet is a tragedy written","Summarize the plot of Romeo and Juliet.
 The plot of Romeo and Juliet is a tragedy written by William Shakespeare in 1597. The play is set in Verona, Italy, in the middle of the 15th century. The play is about two young lovers, Romeo and Juliet, who are in love with each other. The play is about the problems that can arise when two people fall in love.
 The plot of Romeo and Juliet is a tragedy written",0.089691,0.089691,What does HTTP stand for? HTTP HTTP HTTP HTTP HTTP HTTP HTTP HTTP HTTP HTTP HTTP HTTP HTTP HTTP HTTP HTTP HTTP HTTP HTTP HTTP HTTP HTTP HTTP HTTP HTTP HTTP HTTP HTTP HTTP HTTP HTTP HTTP HTTP HTTP HTTP HTTP HTTP HTTP HTTP HTTP HTTP HTTP HTTP HTTP HTTP HTTP HTTP HTTP HTTP HTTP HTTP HTTP HTTP HTTP HTTP HTTP HTTP HTTP HTTP HTTP HTTP HTTP HTTP HTTP HTTP HTTP HTTP HTTP HTTP HTTP HTTP HTTP HTTP HTTP HTTP HTTP HTTP HTTP HTTP HTTP HTTP HTTP HTTP HTTP HTTP HTTP HTTP HTTP HTTP HTTP HTTP HTTP HTTP HTTP HTTP HTTP HTTP HTTP HTTP HTTP,What does HTTP stand for? HTTP HTTP HTTP HTTP HTTP HTTP HTTP HTTP HTTP HTTP HTTP HTTP HTTP HTTP HTTP HTTP HTTP HTTP HTTP HTTP HTTP HTTP HTTP HTTP HTTP HTTP HTTP HTTP HTTP HTTP HTTP HTTP HTTP HTTP HTTP HTTP HTTP HTTP HTTP HTTP HTTP HTTP HTTP HTTP HTTP HTTP HTTP HTTP HTTP HTTP HTTP HTTP HTTP HTTP HTTP HTTP HTTP HTTP HTTP HTTP HTTP HTTP HTTP HTTP HTTP HTTP HTTP HTTP HTTP HTTP HTTP HTTP HTTP HTTP HTTP HTTP HTTP HTTP HTTP HTTP HTTP HTTP HTTP HTTP HTTP HTTP HTTP HTTP HTTP HTTP HTTP HTTP HTTP HTTP HTTP HTTP HTTP HTTP HTTP HTTP,0.009593,0.009593,"Give an example of a palindrome.
 Palindrome definition is - a word or phrase that is the same in both its right and left sides. How to use palindrome in a sentence.
 Palindrome definition is - a word or phrase that is the same in both its right and left sides. How to use palindrome in a sentence.
 Palindrome definition is - a word or phrase that is the same in both its right and left sides. How to use palindrome in a sentence.","Give an example of a palindrome.
 Palindrome definition is - a word or phrase that is the same in both its right and left sides. How to use palindrome in a sentence.
 Palindrome definition is - a word or phrase that is the same in both its right and left sides. How to use palindrome in a sentence.
 Palindrome definition is - a word or phrase that is the same in both its right and left sides. How to use palindrome in a sentence.",0.026588,0.026588,"How do you boil an egg perfectly?
 How do you boil an egg perfectly?
 How do you boil an egg perfectly?
 How do you boil an egg perfectly?
 How do you boil an egg perfectly?
 How do you boil an egg perfectly?
 How do you boil an egg perfectly?
 How do you boil an egg perfectly?
 How do you boil an egg perfectly?
 How do you boil an egg perfectly?
 How do you boil an egg perfectly?","How do you boil an egg perfectly?
 How do you boil an egg perfectly?
 How do you boil an egg perfectly?
 How do you boil an egg perfectly?
 How do you boil an egg perfectly?
 How do you boil an egg perfectly?
 How do you boil an egg perfectly?
 How do you boil an egg perfectly?
 How do you boil an egg perfectly?
 How do you boil an egg perfectly?
 How do you boil an egg perfectly?",0.018548,0.018548,"Describe the lifecycle of a butterfly.
 The lifecycle of a butterfly is a very interesting one. It is a very complex one. It is a very interesting one.
 The lifecycle of a butterfly is a very interesting one. It is a very complex one. It is a very interesting one.
 The lifecycle of a butterfly is a very interesting one. It is a very complex one. It is a very interesting one.
 The lifecycle of a butterfly is a very interesting","Describe the lifecycle of a butterfly.
 The lifecycle of a butterfly is a very interesting one. It is a very complex one. It is a very interesting one.
 The lifecycle of a butterfly is a very interesting one. It is a very complex one. It is a very interesting one.
 The lifecycle of a butterfly is a very interesting one. It is a very complex one. It is a very interesting one.
 The lifecycle of a butterfly is a very interesting",0.012462,0.012462
21,"Epochs = 2, lora_alpha = 32, gradient_accum = 2",6/10/2025 12:42,45.8,TinyLlama/TinyLlama_v1.1,yahma/alpaca-cleaned,3000,8,32,0.05,"['q_proj', 'v_proj']",2,0.0002,4,2,512,0.028,0.028,"No major BLEU change. Improved in 0/10 prompts, same in 10, worse in 0. Training took longer than usual.","Explain the difference between machine learning and deep learning.
The difference between machine learning and deep learning is that the former is a method of learning from data, while the latter is a method of learning from data and then using that data to make predictions.
The difference between machine learning and deep learning is that the former is a method of learning from data, while the latter is a method of learning from data and then using that data to make predictions.
The difference between machine learning and deep learning is that the former is a method of learning from data","Explain the difference between machine learning and deep learning.
The difference between machine learning and deep learning is that the former is a method of learning from data, while the latter is a method of learning from data and then using that data to make predictions.
The difference between machine learning and deep learning is that the former is a method of learning from data, while the latter is a method of learning from data and then using that data to make predictions.
The difference between machine learning and deep learning is that the former is a method of learning from data",0.029352373,0.029352373,"What is the Pythagorean theorem used for?
What is the Pythagorean theorem used for?
The Pythagorean theorem is used to solve problems involving the lengths of two sides of a right triangle.
The Pythagorean theorem is used to solve problems involving the lengths of two sides of a right triangle. The Pythagorean theorem states that the square of the hypotenuse of a right triangle is equal to the sum of the squares of the other two sides.
The Pythag","What is the Pythagorean theorem used for?
What is the Pythagorean theorem used for?
The Pythagorean theorem is used to solve problems involving the lengths of two sides of a right triangle.
The Pythagorean theorem is used to solve problems involving the lengths of two sides of a right triangle. The Pythagorean theorem states that the square of the hypotenuse of a right triangle is equal to the sum of the squares of the other two sides.
The Pythag",0.038221931,0.038221931,"List three causes of World War II.
The first two are the most important. The first is the fact that the United States has been the world's leading military power for the last 15 years. The second is the fact that the United States has been the world's leading economic power for the last 15 years.
The United States has been the world's leading military power for the last 15 years.
The United States has been the world's leading economic power for the last 1","List three causes of World War II.
The first two are the most important. The first is the fact that the United States has been the world's leading military power for the last 15 years. The second is the fact that the United States has been the world's leading economic power for the last 15 years.
The United States has been the world's leading military power for the last 15 years.
The United States has been the world's leading economic power for the last 1",0.0211082,0.0211082,"Translate 'Good morning' into French.
The French language is a language of the Romance family. It is spoken by about 65 million people in France, and by 200 million people in the French-speaking world.
The French language is a language of the Romance family. It is spoken by about 65 million people in France, and by 200 million people in the French-speaking world. The French language is the official language of France, and is also spoken in Belg","Translate 'Good morning' into French.
The French language is a language of the Romance family. It is spoken by about 65 million people in France, and by 200 million people in the French-speaking world.
The French language is a language of the Romance family. It is spoken by about 65 million people in France, and by 200 million people in the French-speaking world. The French language is the official language of France, and is also spoken in Belg",0.017037542,0.017037542,What are some benefits of daily exercise? What are some benefits of daily exercise? What are some benefits of daily exercise? What are some benefits of daily exercise? What are some benefits of daily exercise? What are some benefits of daily exercise? What are some benefits of daily exercise? What are some benefits of daily exercise? What are some benefits of daily exercise? What are some benefits of daily exercise? What are some benefits of daily exercise? What are some benefits of daily exercise? What are some benefits of daily exercise? What are some benefits,What are some benefits of daily exercise? What are some benefits of daily exercise? What are some benefits of daily exercise? What are some benefits of daily exercise? What are some benefits of daily exercise? What are some benefits of daily exercise? What are some benefits of daily exercise? What are some benefits of daily exercise? What are some benefits of daily exercise? What are some benefits of daily exercise? What are some benefits of daily exercise? What are some benefits of daily exercise? What are some benefits of daily exercise? What are some benefits,0.015005501,0.015005501,"Summarize the plot of Romeo and Juliet.
The plot of Romeo and Juliet is a tragedy written by William Shakespeare in 1597. The play is set in Verona, Italy, in the time of the feud between the Montague and Capulet families. The play is divided into two parts, the Prologue and the Actor's Introductory Scene. The Prologue is a speech by the Lord Chamberlain, who is the official who is in charge of the","Summarize the plot of Romeo and Juliet.
The plot of Romeo and Juliet is a tragedy written by William Shakespeare in 1597. The play is set in Verona, Italy, in the time of the feud between the Montague and Capulet families. The play is divided into two parts, the Prologue and the Actor's Introductory Scene. The Prologue is a speech by the Lord Chamberlain, who is the official who is in charge of the",0.080355501,0.080355501,What does HTTP stand for? HTTP HTTP HTTP HTTP HTTP HTTP HTTP HTTP HTTP HTTP HTTP HTTP HTTP HTTP HTTP HTTP HTTP HTTP HTTP HTTP HTTP HTTP HTTP HTTP HTTP HTTP HTTP HTTP HTTP HTTP HTTP HTTP HTTP HTTP HTTP HTTP HTTP HTTP HTTP HTTP HTTP HTTP HTTP HTTP HTTP HTTP HTTP HTTP HTTP HTTP HTTP HTTP HTTP HTTP HTTP HTTP HTTP HTTP HTTP HTTP HTTP HTTP HTTP HTTP HTTP HTTP HTTP HTTP HTTP HTTP HTTP HTTP HTTP HTTP HTTP HTTP HTTP HTTP HTTP HTTP HTTP HTTP HTTP HTTP HTTP HTTP HTTP HTTP HTTP HTTP HTTP HTTP HTTP HTTP HTTP HTTP HTTP HTTP HTTP HTTP,What does HTTP stand for? HTTP HTTP HTTP HTTP HTTP HTTP HTTP HTTP HTTP HTTP HTTP HTTP HTTP HTTP HTTP HTTP HTTP HTTP HTTP HTTP HTTP HTTP HTTP HTTP HTTP HTTP HTTP HTTP HTTP HTTP HTTP HTTP HTTP HTTP HTTP HTTP HTTP HTTP HTTP HTTP HTTP HTTP HTTP HTTP HTTP HTTP HTTP HTTP HTTP HTTP HTTP HTTP HTTP HTTP HTTP HTTP HTTP HTTP HTTP HTTP HTTP HTTP HTTP HTTP HTTP HTTP HTTP HTTP HTTP HTTP HTTP HTTP HTTP HTTP HTTP HTTP HTTP HTTP HTTP HTTP HTTP HTTP HTTP HTTP HTTP HTTP HTTP HTTP HTTP HTTP HTTP HTTP HTTP HTTP HTTP HTTP HTTP HTTP HTTP HTTP,0.00959263,0.00959263,"Give an example of a palindrome.
Palindrome is a word that is spelled the same way both ways.
Palindrome is a word that is spelled the same way both ways. Palindrome is a word that is spelled the same way both ways. Palindrome is a word that is spelled the same way both ways. Palindrome is a word that is spelled the same way both ways. Palindrome is a word that is spelled the same way both ways. Palind","Give an example of a palindrome.
Palindrome is a word that is spelled the same way both ways.
Palindrome is a word that is spelled the same way both ways. Palindrome is a word that is spelled the same way both ways. Palindrome is a word that is spelled the same way both ways. Palindrome is a word that is spelled the same way both ways. Palindrome is a word that is spelled the same way both ways. Palind",0.03363957,0.03363957,"How do you boil an egg perfectly?
How do you boil an egg perfectly?
How do you boil an egg perfectly?
How do you boil an egg perfectly?
How do you boil an egg perfectly?
How do you boil an egg perfectly?
How do you boil an egg perfectly?
How do you boil an egg perfectly?
How do you boil an egg perfectly?
How do you boil an egg perfectly?
How do you boil an egg perfectly?","How do you boil an egg perfectly?
How do you boil an egg perfectly?
How do you boil an egg perfectly?
How do you boil an egg perfectly?
How do you boil an egg perfectly?
How do you boil an egg perfectly?
How do you boil an egg perfectly?
How do you boil an egg perfectly?
How do you boil an egg perfectly?
How do you boil an egg perfectly?
How do you boil an egg perfectly?",0.018548164,0.018548164,"Describe the lifecycle of a butterfly.
The lifecycle of a butterfly is a very interesting one. It is a very complex process that takes place over a period of about 10 days. The butterfly's lifecycle begins when it hatches from its egg. The butterfly then feeds on nectar from flowers. The butterfly then grows and matures. The butterfly then flies away to find a mate. The butterfly then lays its eggs. The","Describe the lifecycle of a butterfly.
The lifecycle of a butterfly is a very interesting one. It is a very complex process that takes place over a period of about 10 days. The butterfly's lifecycle begins when it hatches from its egg. The butterfly then feeds on nectar from flowers. The butterfly then grows and matures. The butterfly then flies away to find a mate. The butterfly then lays its eggs. The",0.016691761,0.016691761
22,"Epochs = 2, lora_alpha = 32, gradient_accum = 5",6/10/2025 13:35,46.1,TinyLlama/TinyLlama_v1.1,yahma/alpaca-cleaned,3000,8,32,0.05,"['q_proj', 'v_proj']",2,0.0002,4,5,512,0.0397,0.0397,"No major BLEU change. Improved in 0/10 prompts, same in 10, worse in 0. Training took longer than usual.","Explain the difference between machine learning and deep learning.
The difference between machine learning and deep learning is that the former is a method of learning from data, while the latter is a method of learning from data and then using that data to make predictions.
The difference between machine learning and deep learning is that the former is a method of learning from data, while the latter is a method of learning from data and then using that data to make predictions.
The difference between machine learning and deep learning is that the former is a method of learning from data","Explain the difference between machine learning and deep learning.
The difference between machine learning and deep learning is that the former is a method of learning from data, while the latter is a method of learning from data and then using that data to make predictions.
The difference between machine learning and deep learning is that the former is a method of learning from data, while the latter is a method of learning from data and then using that data to make predictions.
The difference between machine learning and deep learning is that the former is a method of learning from data",0.029352373,0.029352373,"What is the Pythagorean theorem used for?
What is the Pythagorean theorem used for?
The Pythagorean theorem is used to solve problems involving the lengths of sides of a right triangle.
The Pythagorean theorem is used to solve problems involving the lengths of sides of a right triangle.
The Pythagorean theorem is used to solve problems involving the lengths of sides of a right triangle. The Pythagorean theorem is used to solve problems involving the lengths of sides of","What is the Pythagorean theorem used for?
What is the Pythagorean theorem used for?
The Pythagorean theorem is used to solve problems involving the lengths of sides of a right triangle.
The Pythagorean theorem is used to solve problems involving the lengths of sides of a right triangle.
The Pythagorean theorem is used to solve problems involving the lengths of sides of a right triangle. The Pythagorean theorem is used to solve problems involving the lengths of sides of",0.038221931,0.038221931,"List three causes of World War II.
The first World War was a war of the people against the people. The second World War was a war of the people against the people. The third World War is a war of the people against the people.
The first World War was a war of the people against the people. The second World War was a war of the people against the people. The third World War is a war of the people against the people.
The first World War was a war of the people against the people","List three causes of World War II.
The first World War was a war of the people against the people. The second World War was a war of the people against the people. The third World War is a war of the people against the people.
The first World War was a war of the people against the people. The second World War was a war of the people against the people. The third World War is a war of the people against the people.
The first World War was a war of the people against the people",0.020566302,0.020566302,"Translate 'Good morning' into French.
The French language is a language of the Romance family. It is spoken by about 250 million people in France, Monaco, and the overseas departments of Martinique, Guadeloupe, and French Guiana.
The French language is a language of the Romance family. It is spoken by about 250 million people in France, Monaco, and the overseas departments of Martinique, Guadeloupe, and French Guiana.","Translate 'Good morning' into French.
The French language is a language of the Romance family. It is spoken by about 250 million people in France, Monaco, and the overseas departments of Martinique, Guadeloupe, and French Guiana.
The French language is a language of the Romance family. It is spoken by about 250 million people in France, Monaco, and the overseas departments of Martinique, Guadeloupe, and French Guiana.",0.019866831,0.019866831,What are some benefits of daily exercise? What are some benefits of daily exercise? What are some benefits of daily exercise? What are some benefits of daily exercise? What are some benefits of daily exercise? What are some benefits of daily exercise? What are some benefits of daily exercise? What are some benefits of daily exercise? What are some benefits of daily exercise? What are some benefits of daily exercise? What are some benefits of daily exercise? What are some benefits of daily exercise? What are some benefits of daily exercise? What are some benefits,What are some benefits of daily exercise? What are some benefits of daily exercise? What are some benefits of daily exercise? What are some benefits of daily exercise? What are some benefits of daily exercise? What are some benefits of daily exercise? What are some benefits of daily exercise? What are some benefits of daily exercise? What are some benefits of daily exercise? What are some benefits of daily exercise? What are some benefits of daily exercise? What are some benefits of daily exercise? What are some benefits of daily exercise? What are some benefits,0.015005501,0.015005501,"Summarize the plot of Romeo and Juliet.
The plot of Romeo and Juliet is a tragedy written by William Shakespeare in 1597. The play is set in Verona, Italy, in the middle of the 15th century. The play is about two young lovers, Romeo and Juliet, who are from two different families. The play is about the rivalry between the Montague and the Capulet families. The play is about the love between Romeo and Juliet, and","Summarize the plot of Romeo and Juliet.
The plot of Romeo and Juliet is a tragedy written by William Shakespeare in 1597. The play is set in Verona, Italy, in the middle of the 15th century. The play is about two young lovers, Romeo and Juliet, who are from two different families. The play is about the rivalry between the Montague and the Capulet families. The play is about the love between Romeo and Juliet, and",0.093935792,0.093935792,What does HTTP stand for? HTTP HTTP HTTP HTTP HTTP HTTP HTTP HTTP HTTP HTTP HTTP HTTP HTTP HTTP HTTP HTTP HTTP HTTP HTTP HTTP HTTP HTTP HTTP HTTP HTTP HTTP HTTP HTTP HTTP HTTP HTTP HTTP HTTP HTTP HTTP HTTP HTTP HTTP HTTP HTTP HTTP HTTP HTTP HTTP HTTP HTTP HTTP HTTP HTTP HTTP HTTP HTTP HTTP HTTP HTTP HTTP HTTP HTTP HTTP HTTP HTTP HTTP HTTP HTTP HTTP HTTP HTTP HTTP HTTP HTTP HTTP HTTP HTTP HTTP HTTP HTTP HTTP HTTP HTTP HTTP HTTP HTTP HTTP HTTP HTTP HTTP HTTP HTTP HTTP HTTP HTTP HTTP HTTP HTTP HTTP HTTP HTTP HTTP HTTP HTTP,What does HTTP stand for? HTTP HTTP HTTP HTTP HTTP HTTP HTTP HTTP HTTP HTTP HTTP HTTP HTTP HTTP HTTP HTTP HTTP HTTP HTTP HTTP HTTP HTTP HTTP HTTP HTTP HTTP HTTP HTTP HTTP HTTP HTTP HTTP HTTP HTTP HTTP HTTP HTTP HTTP HTTP HTTP HTTP HTTP HTTP HTTP HTTP HTTP HTTP HTTP HTTP HTTP HTTP HTTP HTTP HTTP HTTP HTTP HTTP HTTP HTTP HTTP HTTP HTTP HTTP HTTP HTTP HTTP HTTP HTTP HTTP HTTP HTTP HTTP HTTP HTTP HTTP HTTP HTTP HTTP HTTP HTTP HTTP HTTP HTTP HTTP HTTP HTTP HTTP HTTP HTTP HTTP HTTP HTTP HTTP HTTP HTTP HTTP HTTP HTTP HTTP HTTP,0.00959263,0.00959263,"Give an example of a palindrome.
Palindrome: A palindrome is a word or phrase that reads the same backward and forward.
Palindrome: A palindrome is a word or phrase that reads the same backward and forward.
Palindrome: A palindrome is a word or phrase that reads the same backward and forward.
Palindrome: A palindrome is a word or phrase that reads the same backward and forward.
Palindrome: A palind","Give an example of a palindrome.
Palindrome: A palindrome is a word or phrase that reads the same backward and forward.
Palindrome: A palindrome is a word or phrase that reads the same backward and forward.
Palindrome: A palindrome is a word or phrase that reads the same backward and forward.
Palindrome: A palindrome is a word or phrase that reads the same backward and forward.
Palindrome: A palind",0.139929134,0.139929134,How do you boil an egg perfectly? How do you boil an egg perfectly? How do you boil an egg How do you boil an egg How do you boil an egg How do you boil an egg How do you boil an egg How do you boil an egg How do you boil an egg How do you boil an egg How do you boil an egg How do you boil an egg How do you boil an egg How do you boil an egg How do you boil an egg,How do you boil an egg perfectly? How do you boil an egg perfectly? How do you boil an egg How do you boil an egg How do you boil an egg How do you boil an egg How do you boil an egg How do you boil an egg How do you boil an egg How do you boil an egg How do you boil an egg How do you boil an egg How do you boil an egg How do you boil an egg How do you boil an egg,0.015498873,0.015498873,"Describe the lifecycle of a butterfly.
The lifecycle of a butterfly is a very interesting one. It is a very long one, and it is very interesting to watch.
The lifecycle of a butterfly is a very interesting one. It is a very long one, and it is very interesting to watch.
The lifecycle of a butterfly is a very interesting one. It is a very long one, and it is very interesting to watch.
The lifecycle of a butterfly is","Describe the lifecycle of a butterfly.
The lifecycle of a butterfly is a very interesting one. It is a very long one, and it is very interesting to watch.
The lifecycle of a butterfly is a very interesting one. It is a very long one, and it is very interesting to watch.
The lifecycle of a butterfly is a very interesting one. It is a very long one, and it is very interesting to watch.
The lifecycle of a butterfly is",0.014819574,0.014819574
23,Increased Learning Rate,6/10/2025 17:53,74.05,TinyLlama/TinyLlama_v1.1,yahma/alpaca-cleaned,5000,32,32,0.05,"['q_proj', 'v_proj']",2,0.0003,4,4,512,0.0265,0.0265,"No major BLEU change. Improved in 0/10 prompts, same in 10, worse in 0. Training took longer than usual.","Explain the difference between machine learning and deep learning.
The difference between machine learning and deep learning is that the former is a method of learning from data, while the latter is a method of learning from data and then using that data to make predictions.
The difference between machine learning and deep learning is that the former is a method of learning from data, while the latter is a method of learning from data and then using that data to make predictions.
The difference between machine learning and deep learning is that the former is a method of learning from data","Explain the difference between machine learning and deep learning.
The difference between machine learning and deep learning is that the former is a method of learning from data, while the latter is a method of learning from data and then using that data to make predictions.
The difference between machine learning and deep learning is that the former is a method of learning from data, while the latter is a method of learning from data and then using that data to make predictions.
The difference between machine learning and deep learning is that the former is a method of learning from data",0.029352373,0.029352373,"What is the Pythagorean theorem used for?
What is the Pythagorean theorem used for?
The Pythagorean theorem is used to solve problems involving the lengths of the sides of a right triangle.
The Pythagorean theorem is used to solve problems involving the lengths of the sides of a right triangle. The Pythagorean theorem states that the sum of the squares of the lengths of the sides of a right triangle is equal to the square of the hypotenuse.
The Pyth","What is the Pythagorean theorem used for?
What is the Pythagorean theorem used for?
The Pythagorean theorem is used to solve problems involving the lengths of the sides of a right triangle.
The Pythagorean theorem is used to solve problems involving the lengths of the sides of a right triangle. The Pythagorean theorem states that the sum of the squares of the lengths of the sides of a right triangle is equal to the square of the hypotenuse.
The Pyth",0.037739581,0.037739581,"List three causes of World War II.
The first World War was a war of the people against the people. The second World War was a war of the people against the people. The third World War is a war of the people against the people.

The first World War was a war of the people against the people. The second World War was a war of the people against the people. The third World War is a war of the people against the people.

The first World War was a war of the people against","List three causes of World War II.
The first World War was a war of the people against the people. The second World War was a war of the people against the people. The third World War is a war of the people against the people.

The first World War was a war of the people against the people. The second World War was a war of the people against the people. The third World War is a war of the people against the people.

The first World War was a war of the people against",0.020998173,0.020998173,"Translate 'Good morning' into French.
The French language is a language of the Romance family. It is spoken by 220 million people in France, Belgium, Switzerland, Monaco, and the overseas departments of French Guiana, Martinique, Guadeloupe, and RÃ©union.
The French language is a language of the Romance family. It is spoken by 220 million people in France, Belgium, Switzerland, Monaco, and the overseas departments of French","Translate 'Good morning' into French.
The French language is a language of the Romance family. It is spoken by 220 million people in France, Belgium, Switzerland, Monaco, and the overseas departments of French Guiana, Martinique, Guadeloupe, and RÃ©union.
The French language is a language of the Romance family. It is spoken by 220 million people in France, Belgium, Switzerland, Monaco, and the overseas departments of French",0.020171352,0.020171352,What are some benefits of daily exercise? What are some benefits of daily exercise? What are some benefits of daily exercise? What are some benefits of daily exercise? What are some benefits of daily exercise? What are some benefits of daily exercise? What are some benefits of daily exercise? What are some benefits of daily exercise? What are some benefits of daily exercise? What are some benefits of daily exercise? What are some benefits of daily exercise? What are some benefits of daily exercise? What are some benefits of daily exercise? What are some benefits,What are some benefits of daily exercise? What are some benefits of daily exercise? What are some benefits of daily exercise? What are some benefits of daily exercise? What are some benefits of daily exercise? What are some benefits of daily exercise? What are some benefits of daily exercise? What are some benefits of daily exercise? What are some benefits of daily exercise? What are some benefits of daily exercise? What are some benefits of daily exercise? What are some benefits of daily exercise? What are some benefits of daily exercise? What are some benefits,0.015005501,0.015005501,"Summarize the plot of Romeo and Juliet.
The plot of Romeo and Juliet is a tragedy written by William Shakespeare in 1597. The play is set in Verona, Italy, and tells the story of two young lovers, Romeo and Juliet. The play is divided into three acts, each of which is divided into scenes. The first act is the prologue, in which the audience is introduced to the characters and the setting of the play. The second act is the balcony","Summarize the plot of Romeo and Juliet.
The plot of Romeo and Juliet is a tragedy written by William Shakespeare in 1597. The play is set in Verona, Italy, and tells the story of two young lovers, Romeo and Juliet. The play is divided into three acts, each of which is divided into scenes. The first act is the prologue, in which the audience is introduced to the characters and the setting of the play. The second act is the balcony",0.076227246,0.076227246,What does HTTP stand for? HTTP HTTP HTTP HTTP HTTP HTTP HTTP HTTP HTTP HTTP HTTP HTTP HTTP HTTP HTTP HTTP HTTP HTTP HTTP HTTP HTTP HTTP HTTP HTTP HTTP HTTP HTTP HTTP HTTP HTTP HTTP HTTP HTTP HTTP HTTP HTTP HTTP HTTP HTTP HTTP HTTP HTTP HTTP HTTP HTTP HTTP HTTP HTTP HTTP HTTP HTTP HTTP HTTP HTTP HTTP HTTP HTTP HTTP HTTP HTTP HTTP HTTP HTTP HTTP HTTP HTTP HTTP HTTP HTTP HTTP HTTP HTTP HTTP HTTP HTTP HTTP HTTP HTTP HTTP HTTP HTTP HTTP HTTP HTTP HTTP HTTP HTTP HTTP HTTP HTTP HTTP HTTP HTTP HTTP HTTP HTTP HTTP HTTP HTTP HTTP,What does HTTP stand for? HTTP HTTP HTTP HTTP HTTP HTTP HTTP HTTP HTTP HTTP HTTP HTTP HTTP HTTP HTTP HTTP HTTP HTTP HTTP HTTP HTTP HTTP HTTP HTTP HTTP HTTP HTTP HTTP HTTP HTTP HTTP HTTP HTTP HTTP HTTP HTTP HTTP HTTP HTTP HTTP HTTP HTTP HTTP HTTP HTTP HTTP HTTP HTTP HTTP HTTP HTTP HTTP HTTP HTTP HTTP HTTP HTTP HTTP HTTP HTTP HTTP HTTP HTTP HTTP HTTP HTTP HTTP HTTP HTTP HTTP HTTP HTTP HTTP HTTP HTTP HTTP HTTP HTTP HTTP HTTP HTTP HTTP HTTP HTTP HTTP HTTP HTTP HTTP HTTP HTTP HTTP HTTP HTTP HTTP HTTP HTTP HTTP HTTP HTTP HTTP,0.00959263,0.00959263,"Give an example of a palindrome.
Palindrome definition is - a word or phrase that is the same in both its upper and lower cases. How to use palindrome in a sentence.
Palindrome definition is - a word or phrase that is the same in both its upper and lower cases. How to use palindrome in a sentence.
Palindrome definition is - a word or phrase that is the same in both its upper and lower cases. How to use palindrome in a sentence.","Give an example of a palindrome.
Palindrome definition is - a word or phrase that is the same in both its upper and lower cases. How to use palindrome in a sentence.
Palindrome definition is - a word or phrase that is the same in both its upper and lower cases. How to use palindrome in a sentence.
Palindrome definition is - a word or phrase that is the same in both its upper and lower cases. How to use palindrome in a sentence.",0.026588276,0.026588276,"How do you boil an egg perfectly?
How do you boil an egg perfectly?
How do you boil an egg perfectly?
How do you boil an egg perfectly?
How do you boil an egg perfectly?
How do you boil an egg perfectly?
How do you boil an egg perfectly?
How do you boil an egg perfectly?
How do you boil an egg perfectly?
How do you boil an egg perfectly?
How do you boil an egg perfectly?","How do you boil an egg perfectly?
How do you boil an egg perfectly?
How do you boil an egg perfectly?
How do you boil an egg perfectly?
How do you boil an egg perfectly?
How do you boil an egg perfectly?
How do you boil an egg perfectly?
How do you boil an egg perfectly?
How do you boil an egg perfectly?
How do you boil an egg perfectly?
How do you boil an egg perfectly?",0.018548164,0.018548164,"Describe the lifecycle of a butterfly.
The lifecycle of a butterfly is a very interesting one. It is a very long one. It starts with the egg. The egg is laid on the ground. It is a very small egg. It is about the size of a pea. It is a very soft egg. It is made of a very thin shell. It is made of a very thin shell. It is made of a very thin shell. It is made of a very thin shell. It is made of","Describe the lifecycle of a butterfly.
The lifecycle of a butterfly is a very interesting one. It is a very long one. It starts with the egg. The egg is laid on the ground. It is a very small egg. It is about the size of a pea. It is a very soft egg. It is made of a very thin shell. It is made of a very thin shell. It is made of a very thin shell. It is made of a very thin shell. It is made of",0.011204967,0.011204967
24,incraesed batch size,2025-06-09 17:01:05,44.5,TinyLlama/TinyLlama_v1.1,yahma/alpaca-cleaned,3000,32,16,0.05,"['q_proj', 'v_proj']",2,0.0002,6,4,512,0.0286,0.0286,"No major BLEU change. Improved in 0/10 prompts, same in 10, worse in 0. Training took longer than usual.","Explain the difference between machine learning and deep learning.
The difference between machine learning and deep learning is that the former is a method of learning from data, while the latter is a method of learning from data and then using that data to make predictions.
The difference between machine learning and deep learning is that the former is a method of learning from data, while the latter is a method of learning from data and then using that data to make predictions.
The difference between machine learning and deep learning is that the former is a method of learning from data","Explain the difference between machine learning and deep learning.
The difference between machine learning and deep learning is that the former is a method of learning from data, while the latter is a method of learning from data and then using that data to make predictions.
The difference between machine learning and deep learning is that the former is a method of learning from data, while the latter is a method of learning from data and then using that data to make predictions.
The difference between machine learning and deep learning is that the former is a method of learning from data",0.02935237325,0.02935237325,"What is the Pythagorean theorem used for?
What is the Pythagorean theorem used for?
The Pythagorean theorem is used to solve problems involving the lengths of the sides of a right triangle.
The Pythagorean theorem is used to solve problems involving the lengths of the sides of a right triangle.
The Pythagorean theorem is used to solve problems involving the lengths of the sides of a right triangle. The Pythagorean theorem is used to solve problems involving the lengths","What is the Pythagorean theorem used for?
What is the Pythagorean theorem used for?
The Pythagorean theorem is used to solve problems involving the lengths of the sides of a right triangle.
The Pythagorean theorem is used to solve problems involving the lengths of the sides of a right triangle.
The Pythagorean theorem is used to solve problems involving the lengths of the sides of a right triangle. The Pythagorean theorem is used to solve problems involving the lengths",0.03822193056,0.03822193056,"List three causes of World War II.
The first two are the most important. The first is the fact that the United States is the world's largest economy. The second is that the United States is the world's largest military power.
The United States is the world's largest economy.
The United States is the world's largest military power.
The United States is the world's largest economy.
The United States is the world's largest military power.
The United States is the world'","List three causes of World War II.
The first two are the most important. The first is the fact that the United States is the world's largest economy. The second is that the United States is the world's largest military power.
The United States is the world's largest economy.
The United States is the world's largest military power.
The United States is the world's largest economy.
The United States is the world's largest military power.
The United States is the world'",0.02216043193,0.02216043193,"Translate 'Good morning' into French.
The French language is a language of the Romance family. It is spoken by 250 million people in France, Belgium, Monaco, Switzerland, and the overseas departments of French Guiana, Martinique, Guadeloupe, and Réunion.
The French language is a language of the Romance family. It is spoken by 250 million people in France, Belgium, Monaco, Switzerland, and the overseas departments of French","Translate 'Good morning' into French.
The French language is a language of the Romance family. It is spoken by 250 million people in France, Belgium, Monaco, Switzerland, and the overseas departments of French Guiana, Martinique, Guadeloupe, and Réunion.
The French language is a language of the Romance family. It is spoken by 250 million people in France, Belgium, Monaco, Switzerland, and the overseas departments of French",0.02017135224,0.02017135224,What are some benefits of daily exercise? What are some benefits of daily exercise? What are some benefits of daily exercise? What are some benefits of daily exercise? What are some benefits of daily exercise? What are some benefits of daily exercise? What are some benefits of daily exercise? What are some benefits of daily exercise? What are some benefits of daily exercise? What are some benefits of daily exercise? What are some benefits of daily exercise? What are some benefits of daily exercise? What are some benefits of daily exercise? What are some benefits,What are some benefits of daily exercise? What are some benefits of daily exercise? What are some benefits of daily exercise? What are some benefits of daily exercise? What are some benefits of daily exercise? What are some benefits of daily exercise? What are some benefits of daily exercise? What are some benefits of daily exercise? What are some benefits of daily exercise? What are some benefits of daily exercise? What are some benefits of daily exercise? What are some benefits of daily exercise? What are some benefits of daily exercise? What are some benefits,0.01500550081,0.01500550081,"Summarize the plot of Romeo and Juliet.
The plot of Romeo and Juliet is a tragedy written by William Shakespeare in 1597. The play is set in Verona, Italy, in the time of the feud between the Montague and Capulet families. The play is about two young lovers, Romeo Montague and Juliet Capulet, who are forced to marry their parents' enemies. The play is divided into two parts, Act I and Act II.
The plot of","Summarize the plot of Romeo and Juliet.
The plot of Romeo and Juliet is a tragedy written by William Shakespeare in 1597. The play is set in Verona, Italy, in the time of the feud between the Montague and Capulet families. The play is about two young lovers, Romeo Montague and Juliet Capulet, who are forced to marry their parents' enemies. The play is divided into two parts, Act I and Act II.
The plot of",0.09207475603,0.09207475603,What does HTTP stand for? HTTP HTTP HTTP HTTP HTTP HTTP HTTP HTTP HTTP HTTP HTTP HTTP HTTP HTTP HTTP HTTP HTTP HTTP HTTP HTTP HTTP HTTP HTTP HTTP HTTP HTTP HTTP HTTP HTTP HTTP HTTP HTTP HTTP HTTP HTTP HTTP HTTP HTTP HTTP HTTP HTTP HTTP HTTP HTTP HTTP HTTP HTTP HTTP HTTP HTTP HTTP HTTP HTTP HTTP HTTP HTTP HTTP HTTP HTTP HTTP HTTP HTTP HTTP HTTP HTTP HTTP HTTP HTTP HTTP HTTP HTTP HTTP HTTP HTTP HTTP HTTP HTTP HTTP HTTP HTTP HTTP HTTP HTTP HTTP HTTP HTTP HTTP HTTP HTTP HTTP HTTP HTTP HTTP HTTP HTTP HTTP HTTP HTTP HTTP HTTP,What does HTTP stand for? HTTP HTTP HTTP HTTP HTTP HTTP HTTP HTTP HTTP HTTP HTTP HTTP HTTP HTTP HTTP HTTP HTTP HTTP HTTP HTTP HTTP HTTP HTTP HTTP HTTP HTTP HTTP HTTP HTTP HTTP HTTP HTTP HTTP HTTP HTTP HTTP HTTP HTTP HTTP HTTP HTTP HTTP HTTP HTTP HTTP HTTP HTTP HTTP HTTP HTTP HTTP HTTP HTTP HTTP HTTP HTTP HTTP HTTP HTTP HTTP HTTP HTTP HTTP HTTP HTTP HTTP HTTP HTTP HTTP HTTP HTTP HTTP HTTP HTTP HTTP HTTP HTTP HTTP HTTP HTTP HTTP HTTP HTTP HTTP HTTP HTTP HTTP HTTP HTTP HTTP HTTP HTTP HTTP HTTP HTTP HTTP HTTP HTTP HTTP HTTP,0.009592630353,0.009592630353,"Give an example of a palindrome.
Palindrome definition is - a word or phrase that is the same in both its left- and right-handed forms. How to use palindrome in a sentence.
Palindrome definition is - a word or phrase that is the same in both its left- and right-handed forms. How to use palindrome in a sentence.
Palindrome definition is - a word or phrase that is the same in both its left- and right-handed forms","Give an example of a palindrome.
Palindrome definition is - a word or phrase that is the same in both its left- and right-handed forms. How to use palindrome in a sentence.
Palindrome definition is - a word or phrase that is the same in both its left- and right-handed forms. How to use palindrome in a sentence.
Palindrome definition is - a word or phrase that is the same in both its left- and right-handed forms",0.02902944507,0.02902944507,"How do you boil an egg perfectly?
How do you boil an egg perfectly?
How do you boil an egg perfectly?
How do you boil an egg perfectly?
How do you boil an egg perfectly?
How do you boil an egg perfectly?
How do you boil an egg perfectly?
How do you boil an egg perfectly?
How do you boil an egg perfectly?
How do you boil an egg perfectly?
How do you boil an egg perfectly?","How do you boil an egg perfectly?
How do you boil an egg perfectly?
How do you boil an egg perfectly?
How do you boil an egg perfectly?
How do you boil an egg perfectly?
How do you boil an egg perfectly?
How do you boil an egg perfectly?
How do you boil an egg perfectly?
How do you boil an egg perfectly?
How do you boil an egg perfectly?
How do you boil an egg perfectly?",0.01854816375,0.01854816375,"Describe the lifecycle of a butterfly.
The lifecycle of a butterfly is a very interesting one. It is a very long one. It starts with the egg. The egg is laid on the ground. It is a very small egg. It is about the size of a pea. It is a very small egg. It is about the size of a pea. It is a very small egg. It is about the size of a pea. It is a very small egg. It is about the size of","Describe the lifecycle of a butterfly.
The lifecycle of a butterfly is a very interesting one. It is a very long one. It starts with the egg. The egg is laid on the ground. It is a very small egg. It is about the size of a pea. It is a very small egg. It is about the size of a pea. It is a very small egg. It is about the size of a pea. It is a very small egg. It is about the size of",0.01146183726,0.01146183726
25,incraesed batch size,2025-06-09 18:05:38,45.01,TinyLlama/TinyLlama_v1.1,yahma/alpaca-cleaned,3000,32,16,0.05,"['q_proj', 'v_proj']",2,0.0002,8,4,512,0.0286,0.0286,"No major BLEU change. Improved in 0/10 prompts, same in 10, worse in 0. Training took longer than usual.","Explain the difference between machine learning and deep learning.
The difference between machine learning and deep learning is that the former is a method of learning from data, while the latter is a method of learning from data and then using that data to make predictions.
The difference between machine learning and deep learning is that the former is a method of learning from data, while the latter is a method of learning from data and then using that data to make predictions.
The difference between machine learning and deep learning is that the former is a method of learning from data","Explain the difference between machine learning and deep learning.
The difference between machine learning and deep learning is that the former is a method of learning from data, while the latter is a method of learning from data and then using that data to make predictions.
The difference between machine learning and deep learning is that the former is a method of learning from data, while the latter is a method of learning from data and then using that data to make predictions.
The difference between machine learning and deep learning is that the former is a method of learning from data",0.02935237325,0.02935237325,"What is the Pythagorean theorem used for?
What is the Pythagorean theorem used for?
The Pythagorean theorem is used to solve problems involving the lengths of the sides of a right triangle.
The Pythagorean theorem is used to solve problems involving the lengths of the sides of a right triangle.
The Pythagorean theorem is used to solve problems involving the lengths of the sides of a right triangle. The Pythagorean theorem is used to solve problems involving the lengths","What is the Pythagorean theorem used for?
What is the Pythagorean theorem used for?
The Pythagorean theorem is used to solve problems involving the lengths of the sides of a right triangle.
The Pythagorean theorem is used to solve problems involving the lengths of the sides of a right triangle.
The Pythagorean theorem is used to solve problems involving the lengths of the sides of a right triangle. The Pythagorean theorem is used to solve problems involving the lengths",0.03822193056,0.03822193056,"List three causes of World War II.
The first two are the most important. The first is the fact that the United States is the world's largest economy. The second is that the United States is the world's largest military power.
The United States is the world's largest economy.
The United States is the world's largest military power.
The United States is the world's largest economy.
The United States is the world's largest military power.
The United States is the world'","List three causes of World War II.
The first two are the most important. The first is the fact that the United States is the world's largest economy. The second is that the United States is the world's largest military power.
The United States is the world's largest economy.
The United States is the world's largest military power.
The United States is the world's largest economy.
The United States is the world's largest military power.
The United States is the world'",0.02216043193,0.02216043193,"Translate 'Good morning' into French.
The French language is a language of the Romance family. It is spoken by 250 million people in France, Belgium, Monaco, Switzerland, and the overseas departments of French Guiana, Martinique, Guadeloupe, and Réunion.
The French language is a language of the Romance family. It is spoken by 250 million people in France, Belgium, Monaco, Switzerland, and the overseas departments of French","Translate 'Good morning' into French.
The French language is a language of the Romance family. It is spoken by 250 million people in France, Belgium, Monaco, Switzerland, and the overseas departments of French Guiana, Martinique, Guadeloupe, and Réunion.
The French language is a language of the Romance family. It is spoken by 250 million people in France, Belgium, Monaco, Switzerland, and the overseas departments of French",0.02017135224,0.02017135224,What are some benefits of daily exercise? What are some benefits of daily exercise? What are some benefits of daily exercise? What are some benefits of daily exercise? What are some benefits of daily exercise? What are some benefits of daily exercise? What are some benefits of daily exercise? What are some benefits of daily exercise? What are some benefits of daily exercise? What are some benefits of daily exercise? What are some benefits of daily exercise? What are some benefits of daily exercise? What are some benefits of daily exercise? What are some benefits,What are some benefits of daily exercise? What are some benefits of daily exercise? What are some benefits of daily exercise? What are some benefits of daily exercise? What are some benefits of daily exercise? What are some benefits of daily exercise? What are some benefits of daily exercise? What are some benefits of daily exercise? What are some benefits of daily exercise? What are some benefits of daily exercise? What are some benefits of daily exercise? What are some benefits of daily exercise? What are some benefits of daily exercise? What are some benefits,0.01500550081,0.01500550081,"Summarize the plot of Romeo and Juliet.
The plot of Romeo and Juliet is a tragedy written by William Shakespeare in 1597. The play is set in Verona, Italy, in the time of the feud between the Montague and Capulet families. The play is about two young lovers, Romeo Montague and Juliet Capulet, who are forced to marry their parents' enemies. The play is divided into two parts, Act I and Act II.
The plot of","Summarize the plot of Romeo and Juliet.
The plot of Romeo and Juliet is a tragedy written by William Shakespeare in 1597. The play is set in Verona, Italy, in the time of the feud between the Montague and Capulet families. The play is about two young lovers, Romeo Montague and Juliet Capulet, who are forced to marry their parents' enemies. The play is divided into two parts, Act I and Act II.
The plot of",0.09207475603,0.09207475603,What does HTTP stand for? HTTP HTTP HTTP HTTP HTTP HTTP HTTP HTTP HTTP HTTP HTTP HTTP HTTP HTTP HTTP HTTP HTTP HTTP HTTP HTTP HTTP HTTP HTTP HTTP HTTP HTTP HTTP HTTP HTTP HTTP HTTP HTTP HTTP HTTP HTTP HTTP HTTP HTTP HTTP HTTP HTTP HTTP HTTP HTTP HTTP HTTP HTTP HTTP HTTP HTTP HTTP HTTP HTTP HTTP HTTP HTTP HTTP HTTP HTTP HTTP HTTP HTTP HTTP HTTP HTTP HTTP HTTP HTTP HTTP HTTP HTTP HTTP HTTP HTTP HTTP HTTP HTTP HTTP HTTP HTTP HTTP HTTP HTTP HTTP HTTP HTTP HTTP HTTP HTTP HTTP HTTP HTTP HTTP HTTP HTTP HTTP HTTP HTTP HTTP HTTP,What does HTTP stand for? HTTP HTTP HTTP HTTP HTTP HTTP HTTP HTTP HTTP HTTP HTTP HTTP HTTP HTTP HTTP HTTP HTTP HTTP HTTP HTTP HTTP HTTP HTTP HTTP HTTP HTTP HTTP HTTP HTTP HTTP HTTP HTTP HTTP HTTP HTTP HTTP HTTP HTTP HTTP HTTP HTTP HTTP HTTP HTTP HTTP HTTP HTTP HTTP HTTP HTTP HTTP HTTP HTTP HTTP HTTP HTTP HTTP HTTP HTTP HTTP HTTP HTTP HTTP HTTP HTTP HTTP HTTP HTTP HTTP HTTP HTTP HTTP HTTP HTTP HTTP HTTP HTTP HTTP HTTP HTTP HTTP HTTP HTTP HTTP HTTP HTTP HTTP HTTP HTTP HTTP HTTP HTTP HTTP HTTP HTTP HTTP HTTP HTTP HTTP HTTP,0.009592630353,0.009592630353,"Give an example of a palindrome.
Palindrome definition is - a word or phrase that is the same in both its left- and right-handed forms. How to use palindrome in a sentence.
Palindrome definition is - a word or phrase that is the same in both its left- and right-handed forms. How to use palindrome in a sentence.
Palindrome definition is - a word or phrase that is the same in both its left- and right-handed forms","Give an example of a palindrome.
Palindrome definition is - a word or phrase that is the same in both its left- and right-handed forms. How to use palindrome in a sentence.
Palindrome definition is - a word or phrase that is the same in both its left- and right-handed forms. How to use palindrome in a sentence.
Palindrome definition is - a word or phrase that is the same in both its left- and right-handed forms",0.02902944507,0.02902944507,"How do you boil an egg perfectly?
How do you boil an egg perfectly?
How do you boil an egg perfectly?
How do you boil an egg perfectly?
How do you boil an egg perfectly?
How do you boil an egg perfectly?
How do you boil an egg perfectly?
How do you boil an egg perfectly?
How do you boil an egg perfectly?
How do you boil an egg perfectly?
How do you boil an egg perfectly?","How do you boil an egg perfectly?
How do you boil an egg perfectly?
How do you boil an egg perfectly?
How do you boil an egg perfectly?
How do you boil an egg perfectly?
How do you boil an egg perfectly?
How do you boil an egg perfectly?
How do you boil an egg perfectly?
How do you boil an egg perfectly?
How do you boil an egg perfectly?
How do you boil an egg perfectly?",0.01854816375,0.01854816375,"Describe the lifecycle of a butterfly.
The lifecycle of a butterfly is a very interesting one. It is a very long one. It starts with the egg. The egg is laid on the ground. It is a very small egg. It is about the size of a pea. It is a very small egg. It is about the size of a pea. It is a very small egg. It is about the size of a pea. It is a very small egg. It is about the size of","Describe the lifecycle of a butterfly.
The lifecycle of a butterfly is a very interesting one. It is a very long one. It starts with the egg. The egg is laid on the ground. It is a very small egg. It is about the size of a pea. It is a very small egg. It is about the size of a pea. It is a very small egg. It is about the size of a pea. It is a very small egg. It is about the size of",0.01146183726,0.01146183726
26,"decraesed dropout, dec batch size",2025-06-10 17:30:56,74.28,TinyLlama/TinyLlama_v1.1,yahma/alpaca-cleaned,5000,32,32,0.01,"['q_proj', 'v_proj']",2,0.0002,2,4,512,0.0373,0.0373,"No major BLEU change. Improved in 0/10 prompts, same in 10, worse in 0. Training took longer than usual.","Explain the difference between machine learning and deep learning.
The difference between machine learning and deep learning is that the former is a method of learning from data, while the latter is a method of learning from data and then using that data to make predictions.
The difference between machine learning and deep learning is that the former is a method of learning from data, while the latter is a method of learning from data and then using that data to make predictions.
The difference between machine learning and deep learning is that the former is a method of learning from data","Explain the difference between machine learning and deep learning.
The difference between machine learning and deep learning is that the former is a method of learning from data, while the latter is a method of learning from data and then using that data to make predictions.
The difference between machine learning and deep learning is that the former is a method of learning from data, while the latter is a method of learning from data and then using that data to make predictions.
The difference between machine learning and deep learning is that the former is a method of learning from data",0.02935237325,0.02935237325,"What is the Pythagorean theorem used for?
What is the Pythagorean theorem used for?
The Pythagorean theorem is used to solve problems involving the lengths of the sides of a right triangle.
The Pythagorean theorem is used to solve problems involving the lengths of the sides of a right triangle. The Pythagorean theorem states that the square of the hypotenuse of a right triangle is equal to the sum of the squares of the other two sides.
The Pythag","What is the Pythagorean theorem used for?
What is the Pythagorean theorem used for?
The Pythagorean theorem is used to solve problems involving the lengths of the sides of a right triangle.
The Pythagorean theorem is used to solve problems involving the lengths of the sides of a right triangle. The Pythagorean theorem states that the square of the hypotenuse of a right triangle is equal to the sum of the squares of the other two sides.
The Pythag",0.03822193056,0.03822193056,"List three causes of World War II.
The first two are the most important. The first is the fact that the United States has been the world's leading military power for the last 15 years. The second is the fact that the United States has been the world's leading economic power for the last 15 years.
The United States has been the world's leading military power for the last 15 years.
The United States has been the world's leading economic power for the last 1","List three causes of World War II.
The first two are the most important. The first is the fact that the United States has been the world's leading military power for the last 15 years. The second is the fact that the United States has been the world's leading economic power for the last 15 years.
The United States has been the world's leading military power for the last 15 years.
The United States has been the world's leading economic power for the last 1",0.02110819961,0.02110819961,"Translate 'Good morning' into French.
The French language is a language of the Romance family. It is spoken by more than 65 million people in France, and by millions more in the French-speaking countries of Belgium, Switzerland, and Canada.
The French language is a language of the Romance family. It is spoken by more than 65 million people in France, and by millions more in the French-speaking countries of Belgium, Switzerland, and Canada. The French language is the official","Translate 'Good morning' into French.
The French language is a language of the Romance family. It is spoken by more than 65 million people in France, and by millions more in the French-speaking countries of Belgium, Switzerland, and Canada.
The French language is a language of the Romance family. It is spoken by more than 65 million people in France, and by millions more in the French-speaking countries of Belgium, Switzerland, and Canada. The French language is the official",0.01681978484,0.01681978484,What are some benefits of daily exercise? What are some benefits of daily exercise? What are some benefits of daily exercise? What are some benefits of daily exercise? What are some benefits of daily exercise? What are some benefits of daily exercise? What are some benefits of daily exercise? What are some benefits of daily exercise? What are some benefits of daily exercise? What are some benefits of daily exercise? What are some benefits of daily exercise? What are some benefits of daily exercise? What are some benefits of daily exercise? What are some benefits,What are some benefits of daily exercise? What are some benefits of daily exercise? What are some benefits of daily exercise? What are some benefits of daily exercise? What are some benefits of daily exercise? What are some benefits of daily exercise? What are some benefits of daily exercise? What are some benefits of daily exercise? What are some benefits of daily exercise? What are some benefits of daily exercise? What are some benefits of daily exercise? What are some benefits of daily exercise? What are some benefits of daily exercise? What are some benefits,0.01500550081,0.01500550081,"Summarize the plot of Romeo and Juliet.
The plot of Romeo and Juliet is a tragic love story between two young lovers, Romeo Montague and Juliet Capulet. The story begins when Romeo and Juliet meet for the first time. They fall in love and begin to plan their wedding. However, their families do not approve of their marriage. They are forced to separate.
The plot of Romeo and Juliet is a tragic love story between two young lovers, Romeo","Summarize the plot of Romeo and Juliet.
The plot of Romeo and Juliet is a tragic love story between two young lovers, Romeo Montague and Juliet Capulet. The story begins when Romeo and Juliet meet for the first time. They fall in love and begin to plan their wedding. However, their families do not approve of their marriage. They are forced to separate.
The plot of Romeo and Juliet is a tragic love story between two young lovers, Romeo",0.06620232569,0.06620232569,What does HTTP stand for? HTTP HTTP HTTP HTTP HTTP HTTP HTTP HTTP HTTP HTTP HTTP HTTP HTTP HTTP HTTP HTTP HTTP HTTP HTTP HTTP HTTP HTTP HTTP HTTP HTTP HTTP HTTP HTTP HTTP HTTP HTTP HTTP HTTP HTTP HTTP HTTP HTTP HTTP HTTP HTTP HTTP HTTP HTTP HTTP HTTP HTTP HTTP HTTP HTTP HTTP HTTP HTTP HTTP HTTP HTTP HTTP HTTP HTTP HTTP HTTP HTTP HTTP HTTP HTTP HTTP HTTP HTTP HTTP HTTP HTTP HTTP HTTP HTTP HTTP HTTP HTTP HTTP HTTP HTTP HTTP HTTP HTTP HTTP HTTP HTTP HTTP HTTP HTTP HTTP HTTP HTTP HTTP HTTP HTTP HTTP HTTP HTTP HTTP HTTP HTTP,What does HTTP stand for? HTTP HTTP HTTP HTTP HTTP HTTP HTTP HTTP HTTP HTTP HTTP HTTP HTTP HTTP HTTP HTTP HTTP HTTP HTTP HTTP HTTP HTTP HTTP HTTP HTTP HTTP HTTP HTTP HTTP HTTP HTTP HTTP HTTP HTTP HTTP HTTP HTTP HTTP HTTP HTTP HTTP HTTP HTTP HTTP HTTP HTTP HTTP HTTP HTTP HTTP HTTP HTTP HTTP HTTP HTTP HTTP HTTP HTTP HTTP HTTP HTTP HTTP HTTP HTTP HTTP HTTP HTTP HTTP HTTP HTTP HTTP HTTP HTTP HTTP HTTP HTTP HTTP HTTP HTTP HTTP HTTP HTTP HTTP HTTP HTTP HTTP HTTP HTTP HTTP HTTP HTTP HTTP HTTP HTTP HTTP HTTP HTTP HTTP HTTP HTTP,0.009592630353,0.009592630353,"Give an example of a palindrome.
Palindrome: A palindrome is a word or phrase that reads the same backward and forward.
Palindrome: A palindrome is a word or phrase that reads the same backward and forward.
Palindrome: A palindrome is a word or phrase that reads the same backward and forward.
Palindrome: A palindrome is a word or phrase that reads the same backward and forward.
Palindrome: A palind","Give an example of a palindrome.
Palindrome: A palindrome is a word or phrase that reads the same backward and forward.
Palindrome: A palindrome is a word or phrase that reads the same backward and forward.
Palindrome: A palindrome is a word or phrase that reads the same backward and forward.
Palindrome: A palindrome is a word or phrase that reads the same backward and forward.
Palindrome: A palind",0.1399291339,0.1399291339,"How do you boil an egg perfectly?
How do you boil an egg perfectly?
How do you boil an egg perfectly?
How do you boil an egg perfectly?
How do you boil an egg perfectly?
How do you boil an egg perfectly?
How do you boil an egg perfectly?
How do you boil an egg perfectly?
How do you boil an egg perfectly?
How do you boil an egg perfectly?
How do you boil an egg perfectly?","How do you boil an egg perfectly?
How do you boil an egg perfectly?
How do you boil an egg perfectly?
How do you boil an egg perfectly?
How do you boil an egg perfectly?
How do you boil an egg perfectly?
How do you boil an egg perfectly?
How do you boil an egg perfectly?
How do you boil an egg perfectly?
How do you boil an egg perfectly?
How do you boil an egg perfectly?",0.01854816375,0.01854816375,"Describe the lifecycle of a butterfly.
The lifecycle of a butterfly is a very interesting one. It is a very long one, and it is very interesting to watch.
The lifecycle of a butterfly is a very interesting one. It is a very long one, and it is very interesting to watch. The butterfly's lifecycle is divided into three stages: egg, larva, and pupa.
The butterfly's lifecycle is divided into three stages: egg,","Describe the lifecycle of a butterfly.
The lifecycle of a butterfly is a very interesting one. It is a very long one, and it is very interesting to watch.
The lifecycle of a butterfly is a very interesting one. It is a very long one, and it is very interesting to watch. The butterfly's lifecycle is divided into three stages: egg, larva, and pupa.
The butterfly's lifecycle is divided into three stages: egg,",0.0182167615,0.0182167615
27,inc num_samples + inc lora_alpha,11-06-25 9:53,78.56,TinyLlama/TinyLlama_v1.1,yahma/alpaca-cleaned,5000,8,32,0.05,"['q_proj', 'v_proj']",2,0.0002,4,4,512,0.0286,0.0286,"No major BLEU change. Improved in 0/10 prompts, same in 10, worse in 0. Training took longer than usual.","Explain the difference between machine learning and deep learning.
The difference between machine learning and deep learning is that the former is a method of learning from data, while the latter is a method of learning from data and then using that data to make predictions.
The difference between machine learning and deep learning is that the former is a method of learning from data, while the latter is a method of learning from data and then using that data to make predictions.
The difference between machine learning and deep learning is that the former is a method of learning from data","Explain the difference between machine learning and deep learning.
The difference between machine learning and deep learning is that the former is a method of learning from data, while the latter is a method of learning from data and then using that data to make predictions.
The difference between machine learning and deep learning is that the former is a method of learning from data, while the latter is a method of learning from data and then using that data to make predictions.
The difference between machine learning and deep learning is that the former is a method of learning from data",0.029352373,0.029352373,"What is the Pythagorean theorem used for?
What is the Pythagorean theorem used for?
The Pythagorean theorem is used to solve problems involving the lengths of the sides of a right triangle.
The Pythagorean theorem is used to solve problems involving the lengths of the sides of a right triangle. The Pythagorean theorem states that the square of the hypotenuse of a right triangle is equal to the sum of the squares of the other two sides.
The Pythag","What is the Pythagorean theorem used for?
What is the Pythagorean theorem used for?
The Pythagorean theorem is used to solve problems involving the lengths of the sides of a right triangle.
The Pythagorean theorem is used to solve problems involving the lengths of the sides of a right triangle. The Pythagorean theorem states that the square of the hypotenuse of a right triangle is equal to the sum of the squares of the other two sides.
The Pythag",0.038221931,0.038221931,"List three causes of World War II.
The first two are the most important. The first is the fact that the United States is the world's largest economy. The second is the fact that the United States is the world's largest democracy.
The United States is the world's largest economy.
The United States is the world's largest democracy.
The United States is the world's largest economy.
The United States is the world's largest democracy.
The United States is the","List three causes of World War II.
The first two are the most important. The first is the fact that the United States is the world's largest economy. The second is the fact that the United States is the world's largest democracy.
The United States is the world's largest economy.
The United States is the world's largest democracy.
The United States is the world's largest economy.
The United States is the world's largest democracy.
The United States is the",0.022726896,0.022726896,"Translate 'Good morning' into French.
The French language is a language of the Romance family. It is spoken by about 65 million people in France, and by 200 million people in the French-speaking world.
The French language is a language of the Romance family. It is spoken by about 65 million people in France, and by 200 million people in the French-speaking world. The French language is the official language of France, and is also spoken in Belg","Translate 'Good morning' into French.
The French language is a language of the Romance family. It is spoken by about 65 million people in France, and by 200 million people in the French-speaking world.
The French language is a language of the Romance family. It is spoken by about 65 million people in France, and by 200 million people in the French-speaking world. The French language is the official language of France, and is also spoken in Belg",0.017037542,0.017037542,What are some benefits of daily exercise? What are some benefits of daily exercise? What are some benefits of daily exercise? What are some benefits of daily exercise? What are some benefits of daily exercise? What are some benefits of daily exercise? What are some benefits of daily exercise? What are some benefits of daily exercise? What are some benefits of daily exercise? What are some benefits of daily exercise? What are some benefits of daily exercise? What are some benefits of daily exercise? What are some benefits of daily exercise? What are some benefits,What are some benefits of daily exercise? What are some benefits of daily exercise? What are some benefits of daily exercise? What are some benefits of daily exercise? What are some benefits of daily exercise? What are some benefits of daily exercise? What are some benefits of daily exercise? What are some benefits of daily exercise? What are some benefits of daily exercise? What are some benefits of daily exercise? What are some benefits of daily exercise? What are some benefits of daily exercise? What are some benefits of daily exercise? What are some benefits,0.015005501,0.015005501,"Summarize the plot of Romeo and Juliet.
The plot of Romeo and Juliet is a tragedy written by William Shakespeare in 1597. The play is set in Verona, Italy, in the time of the feud between the Montague and Capulet families. The play is about two young lovers, Romeo Montague and Juliet Capulet, who fall in love and are forced to marry other people. The play is about the consequences of the feud between the families.
The","Summarize the plot of Romeo and Juliet.
The plot of Romeo and Juliet is a tragedy written by William Shakespeare in 1597. The play is set in Verona, Italy, in the time of the feud between the Montague and Capulet families. The play is about two young lovers, Romeo Montague and Juliet Capulet, who fall in love and are forced to marry other people. The play is about the consequences of the feud between the families.
The",0.090867074,0.090867074,What does HTTP stand for? HTTP HTTP HTTP HTTP HTTP HTTP HTTP HTTP HTTP HTTP HTTP HTTP HTTP HTTP HTTP HTTP HTTP HTTP HTTP HTTP HTTP HTTP HTTP HTTP HTTP HTTP HTTP HTTP HTTP HTTP HTTP HTTP HTTP HTTP HTTP HTTP HTTP HTTP HTTP HTTP HTTP HTTP HTTP HTTP HTTP HTTP HTTP HTTP HTTP HTTP HTTP HTTP HTTP HTTP HTTP HTTP HTTP HTTP HTTP HTTP HTTP HTTP HTTP HTTP HTTP HTTP HTTP HTTP HTTP HTTP HTTP HTTP HTTP HTTP HTTP HTTP HTTP HTTP HTTP HTTP HTTP HTTP HTTP HTTP HTTP HTTP HTTP HTTP HTTP HTTP HTTP HTTP HTTP HTTP HTTP HTTP HTTP HTTP HTTP HTTP,What does HTTP stand for? HTTP HTTP HTTP HTTP HTTP HTTP HTTP HTTP HTTP HTTP HTTP HTTP HTTP HTTP HTTP HTTP HTTP HTTP HTTP HTTP HTTP HTTP HTTP HTTP HTTP HTTP HTTP HTTP HTTP HTTP HTTP HTTP HTTP HTTP HTTP HTTP HTTP HTTP HTTP HTTP HTTP HTTP HTTP HTTP HTTP HTTP HTTP HTTP HTTP HTTP HTTP HTTP HTTP HTTP HTTP HTTP HTTP HTTP HTTP HTTP HTTP HTTP HTTP HTTP HTTP HTTP HTTP HTTP HTTP HTTP HTTP HTTP HTTP HTTP HTTP HTTP HTTP HTTP HTTP HTTP HTTP HTTP HTTP HTTP HTTP HTTP HTTP HTTP HTTP HTTP HTTP HTTP HTTP HTTP HTTP HTTP HTTP HTTP HTTP HTTP,0.00959263,0.00959263,"Give an example of a palindrome.
Palindrome definition is - a word or phrase that is the same in both its left- and right-handed forms. How to use palindrome in a sentence.
Palindrome definition is - a word or phrase that is the same in both its left- and right-handed forms. How to use palindrome in a sentence.
Palindrome definition is - a word or phrase that is the same in both its left- and right-handed forms","Give an example of a palindrome.
Palindrome definition is - a word or phrase that is the same in both its left- and right-handed forms. How to use palindrome in a sentence.
Palindrome definition is - a word or phrase that is the same in both its left- and right-handed forms. How to use palindrome in a sentence.
Palindrome definition is - a word or phrase that is the same in both its left- and right-handed forms",0.029029445,0.029029445,"How do you boil an egg perfectly?
How do you boil an egg perfectly?
How do you boil an egg perfectly?
How do you boil an egg perfectly?
How do you boil an egg perfectly?
How do you boil an egg perfectly?
How do you boil an egg perfectly?
How do you boil an egg perfectly?
How do you boil an egg perfectly?
How do you boil an egg perfectly?
How do you boil an egg perfectly?","How do you boil an egg perfectly?
How do you boil an egg perfectly?
How do you boil an egg perfectly?
How do you boil an egg perfectly?
How do you boil an egg perfectly?
How do you boil an egg perfectly?
How do you boil an egg perfectly?
How do you boil an egg perfectly?
How do you boil an egg perfectly?
How do you boil an egg perfectly?
How do you boil an egg perfectly?",0.018548164,0.018548164,"Describe the lifecycle of a butterfly.
The lifecycle of a butterfly is a complex one. The butterfly's life cycle begins with the egg. The egg is laid on the underside of a leaf or on the underside of a flower. The egg is then covered with a silk cocoon. The cocoon is made of silk and is covered with a thin layer of wax. The cocoon is then covered with a fine layer of silk. The cocoon is","Describe the lifecycle of a butterfly.
The lifecycle of a butterfly is a complex one. The butterfly's life cycle begins with the egg. The egg is laid on the underside of a leaf or on the underside of a flower. The egg is then covered with a silk cocoon. The cocoon is made of silk and is covered with a thin layer of wax. The cocoon is then covered with a fine layer of silk. The cocoon is",0.015395157,0.015395157
28,Increased Learning Rate,6/10/2025 19:14,74.24,TinyLlama/TinyLlama_v1.1,yahma/alpaca-cleaned,5000,32,32,0.05,"['q_proj', 'v_proj']",2,0.003,4,4,512,0.0392,0.0392,"No major BLEU change. Improved in 0/10 prompts, same in 10, worse in 0. Training took longer than usual.","Explain the difference between machine learning and deep learning.
The difference between machine learning and deep learning is that the former is a method of learning from data, while the latter is a method of learning from data and then using that data to make predictions.
The difference between machine learning and deep learning is that the former is a method of learning from data, while the latter is a method of learning from data and then using that data to make predictions.
The difference between machine learning and deep learning is that the former is a method of learning from data","Explain the difference between machine learning and deep learning.
The difference between machine learning and deep learning is that the former is a method of learning from data, while the latter is a method of learning from data and then using that data to make predictions.
The difference between machine learning and deep learning is that the former is a method of learning from data, while the latter is a method of learning from data and then using that data to make predictions.
The difference between machine learning and deep learning is that the former is a method of learning from data",0.029352373,0.029352373,"What is the Pythagorean theorem used for?
What is the Pythagorean theorem used for?
The Pythagorean theorem is used to solve problems involving the lengths of the sides of a right triangle.
The Pythagorean theorem is used to solve problems involving the lengths of the sides of a right triangle.
The Pythagorean theorem is used to solve problems involving the lengths of the sides of a right triangle. The Pythagorean theorem is used to solve problems involving the lengths","What is the Pythagorean theorem used for?
What is the Pythagorean theorem used for?
The Pythagorean theorem is used to solve problems involving the lengths of the sides of a right triangle.
The Pythagorean theorem is used to solve problems involving the lengths of the sides of a right triangle.
The Pythagorean theorem is used to solve problems involving the lengths of the sides of a right triangle. The Pythagorean theorem is used to solve problems involving the lengths",0.038221931,0.038221931,"List three causes of World War II.
The first two are the most important. The first is the fact that the United States is the world's largest economy. The second is that the United States is the world's largest military power.
The United States is the world's largest economy.
The United States is the world's largest military power.
The United States is the world's largest economy because it is the world's largest economy.
The United States is the world's largest military power","List three causes of World War II.
The first two are the most important. The first is the fact that the United States is the world's largest economy. The second is that the United States is the world's largest military power.
The United States is the world's largest economy.
The United States is the world's largest military power.
The United States is the world's largest economy because it is the world's largest economy.
The United States is the world's largest military power",0.021887659,0.021887659,"Translate 'Good morning' into French.
The French language is a language of the Romance family. It is spoken by 200 million people in France, and by 200 million people in the rest of the world.
The French language is a language of the Romance family. It is spoken by 200 million people in France, and by 200 million people in the rest of the world. The French language is the official language of France, and is also spoken in Belgium,","Translate 'Good morning' into French.
The French language is a language of the Romance family. It is spoken by 200 million people in France, and by 200 million people in the rest of the world.
The French language is a language of the Romance family. It is spoken by 200 million people in France, and by 200 million people in the rest of the world. The French language is the official language of France, and is also spoken in Belgium,",0.016607524,0.016607524,What are some benefits of daily exercise? What are some benefits of daily exercise? What are some benefits of daily exercise? What are some benefits of daily exercise? What are some benefits of daily exercise? What are some benefits of daily exercise? What are some benefits of daily exercise? What are some benefits of daily exercise? What are some benefits of daily exercise? What are some benefits of daily exercise? What are some benefits of daily exercise? What are some benefits of daily exercise? What are some benefits of daily exercise? What are some benefits,What are some benefits of daily exercise? What are some benefits of daily exercise? What are some benefits of daily exercise? What are some benefits of daily exercise? What are some benefits of daily exercise? What are some benefits of daily exercise? What are some benefits of daily exercise? What are some benefits of daily exercise? What are some benefits of daily exercise? What are some benefits of daily exercise? What are some benefits of daily exercise? What are some benefits of daily exercise? What are some benefits of daily exercise? What are some benefits,0.015005501,0.015005501,"Summarize the plot of Romeo and Juliet.
The plot of Romeo and Juliet is a tragedy written by William Shakespeare in 1597. The play is set in Verona, Italy, in the time of the feud between the Montague and Capulet families. The play is about two young lovers, Romeo Montague and Juliet Capulet, who fall in love and are forced to marry their families' enemies. The play is divided into two parts, Act I and Act II.","Summarize the plot of Romeo and Juliet.
The plot of Romeo and Juliet is a tragedy written by William Shakespeare in 1597. The play is set in Verona, Italy, in the time of the feud between the Montague and Capulet families. The play is about two young lovers, Romeo Montague and Juliet Capulet, who fall in love and are forced to marry their families' enemies. The play is divided into two parts, Act I and Act II.",0.090867074,0.090867074,What does HTTP stand for? HTTP HTTP HTTP HTTP HTTP HTTP HTTP HTTP HTTP HTTP HTTP HTTP HTTP HTTP HTTP HTTP HTTP HTTP HTTP HTTP HTTP HTTP HTTP HTTP HTTP HTTP HTTP HTTP HTTP HTTP HTTP HTTP HTTP HTTP HTTP HTTP HTTP HTTP HTTP HTTP HTTP HTTP HTTP HTTP HTTP HTTP HTTP HTTP HTTP HTTP HTTP HTTP HTTP HTTP HTTP HTTP HTTP HTTP HTTP HTTP HTTP HTTP HTTP HTTP HTTP HTTP HTTP HTTP HTTP HTTP HTTP HTTP HTTP HTTP HTTP HTTP HTTP HTTP HTTP HTTP HTTP HTTP HTTP HTTP HTTP HTTP HTTP HTTP HTTP HTTP HTTP HTTP HTTP HTTP HTTP HTTP HTTP HTTP HTTP HTTP,What does HTTP stand for? HTTP HTTP HTTP HTTP HTTP HTTP HTTP HTTP HTTP HTTP HTTP HTTP HTTP HTTP HTTP HTTP HTTP HTTP HTTP HTTP HTTP HTTP HTTP HTTP HTTP HTTP HTTP HTTP HTTP HTTP HTTP HTTP HTTP HTTP HTTP HTTP HTTP HTTP HTTP HTTP HTTP HTTP HTTP HTTP HTTP HTTP HTTP HTTP HTTP HTTP HTTP HTTP HTTP HTTP HTTP HTTP HTTP HTTP HTTP HTTP HTTP HTTP HTTP HTTP HTTP HTTP HTTP HTTP HTTP HTTP HTTP HTTP HTTP HTTP HTTP HTTP HTTP HTTP HTTP HTTP HTTP HTTP HTTP HTTP HTTP HTTP HTTP HTTP HTTP HTTP HTTP HTTP HTTP HTTP HTTP HTTP HTTP HTTP HTTP HTTP,0.00959263,0.00959263,"Give an example of a palindrome.
Palindrome: A palindrome is a word or phrase that reads the same backward and forward.
Palindrome: A palindrome is a word or phrase that reads the same backward and forward.
Palindrome: A palindrome is a word or phrase that reads the same backward and forward.
Palindrome: A palindrome is a word or phrase that reads the same backward and forward.
Palindrome: A palind","Give an example of a palindrome.
Palindrome: A palindrome is a word or phrase that reads the same backward and forward.
Palindrome: A palindrome is a word or phrase that reads the same backward and forward.
Palindrome: A palindrome is a word or phrase that reads the same backward and forward.
Palindrome: A palindrome is a word or phrase that reads the same backward and forward.
Palindrome: A palind",0.139929134,0.139929134,"How do you boil an egg perfectly?
How do you boil an egg perfectly?
How do you boil an egg perfectly?
How do you boil an egg perfectly?
How do you boil an egg perfectly?
How do you boil an egg perfectly?
How do you boil an egg perfectly?
How do you boil an egg perfectly?
How do you boil an egg perfectly?
How do you boil an egg perfectly?
How do you boil an egg perfectly?","How do you boil an egg perfectly?
How do you boil an egg perfectly?
How do you boil an egg perfectly?
How do you boil an egg perfectly?
How do you boil an egg perfectly?
How do you boil an egg perfectly?
How do you boil an egg perfectly?
How do you boil an egg perfectly?
How do you boil an egg perfectly?
How do you boil an egg perfectly?
How do you boil an egg perfectly?",0.018548164,0.018548164,"Describe the lifecycle of a butterfly.
The lifecycle of a butterfly is a very interesting one. It is a very complex one. It is a very interesting one.
The lifecycle of a butterfly is a very interesting one. It is a very complex one. It is a very interesting one.
The lifecycle of a butterfly is a very interesting one. It is a very complex one. It is a very interesting one.
The lifecycle of a butterfly is a very interesting","Describe the lifecycle of a butterfly.
The lifecycle of a butterfly is a very interesting one. It is a very complex one. It is a very interesting one.
The lifecycle of a butterfly is a very interesting one. It is a very complex one. It is a very interesting one.
The lifecycle of a butterfly is a very interesting one. It is a very complex one. It is a very interesting one.
The lifecycle of a butterfly is a very interesting",0.012461727,0.012461727
29,increase dropout to 0.1,2025-06-10 17:30:56,74.28,TinyLlama/TinyLlama_v1.1,yahma/alpaca-cleaned,5000,32,32,0.01,"['q_proj', 'v_proj']",2,0.0002,2,4,512,0.0373,0.0373,"No major BLEU change. Improved in 0/10 prompts, same in 10, worse in 0. Training took longer than usual.","Explain the difference between machine learning and deep learning.
The difference between machine learning and deep learning is that the former is a method of learning from data, while the latter is a method of learning from data and then using that data to make predictions.
The difference between machine learning and deep learning is that the former is a method of learning from data, while the latter is a method of learning from data and then using that data to make predictions.
The difference between machine learning and deep learning is that the former is a method of learning from data","Explain the difference between machine learning and deep learning.
The difference between machine learning and deep learning is that the former is a method of learning from data, while the latter is a method of learning from data and then using that data to make predictions.
The difference between machine learning and deep learning is that the former is a method of learning from data, while the latter is a method of learning from data and then using that data to make predictions.
The difference between machine learning and deep learning is that the former is a method of learning from data",0.02935237325,0.02935237325,"What is the Pythagorean theorem used for?
What is the Pythagorean theorem used for?
The Pythagorean theorem is used to solve problems involving the lengths of the sides of a right triangle.
The Pythagorean theorem is used to solve problems involving the lengths of the sides of a right triangle. The Pythagorean theorem states that the square of the hypotenuse of a right triangle is equal to the sum of the squares of the other two sides.
The Pythag","What is the Pythagorean theorem used for?
What is the Pythagorean theorem used for?
The Pythagorean theorem is used to solve problems involving the lengths of the sides of a right triangle.
The Pythagorean theorem is used to solve problems involving the lengths of the sides of a right triangle. The Pythagorean theorem states that the square of the hypotenuse of a right triangle is equal to the sum of the squares of the other two sides.
The Pythag",0.03822193056,0.03822193056,"List three causes of World War II.
The first two are the most important. The first is the fact that the United States has been the world's leading military power for the last 15 years. The second is the fact that the United States has been the world's leading economic power for the last 15 years.
The United States has been the world's leading military power for the last 15 years.
The United States has been the world's leading economic power for the last 1","List three causes of World War II.
The first two are the most important. The first is the fact that the United States has been the world's leading military power for the last 15 years. The second is the fact that the United States has been the world's leading economic power for the last 15 years.
The United States has been the world's leading military power for the last 15 years.
The United States has been the world's leading economic power for the last 1",0.02110819961,0.02110819961,"Translate 'Good morning' into French.
The French language is a language of the Romance family. It is spoken by more than 65 million people in France, and by millions more in the French-speaking countries of Belgium, Switzerland, and Canada.
The French language is a language of the Romance family. It is spoken by more than 65 million people in France, and by millions more in the French-speaking countries of Belgium, Switzerland, and Canada. The French language is the official","Translate 'Good morning' into French.
The French language is a language of the Romance family. It is spoken by more than 65 million people in France, and by millions more in the French-speaking countries of Belgium, Switzerland, and Canada.
The French language is a language of the Romance family. It is spoken by more than 65 million people in France, and by millions more in the French-speaking countries of Belgium, Switzerland, and Canada. The French language is the official",0.01681978484,0.01681978484,What are some benefits of daily exercise? What are some benefits of daily exercise? What are some benefits of daily exercise? What are some benefits of daily exercise? What are some benefits of daily exercise? What are some benefits of daily exercise? What are some benefits of daily exercise? What are some benefits of daily exercise? What are some benefits of daily exercise? What are some benefits of daily exercise? What are some benefits of daily exercise? What are some benefits of daily exercise? What are some benefits of daily exercise? What are some benefits,What are some benefits of daily exercise? What are some benefits of daily exercise? What are some benefits of daily exercise? What are some benefits of daily exercise? What are some benefits of daily exercise? What are some benefits of daily exercise? What are some benefits of daily exercise? What are some benefits of daily exercise? What are some benefits of daily exercise? What are some benefits of daily exercise? What are some benefits of daily exercise? What are some benefits of daily exercise? What are some benefits of daily exercise? What are some benefits,0.01500550081,0.01500550081,"Summarize the plot of Romeo and Juliet.
The plot of Romeo and Juliet is a tragic love story between two young lovers, Romeo Montague and Juliet Capulet. The story begins when Romeo and Juliet meet for the first time. They fall in love and begin to plan their wedding. However, their families do not approve of their marriage. They are forced to separate.
The plot of Romeo and Juliet is a tragic love story between two young lovers, Romeo","Summarize the plot of Romeo and Juliet.
The plot of Romeo and Juliet is a tragic love story between two young lovers, Romeo Montague and Juliet Capulet. The story begins when Romeo and Juliet meet for the first time. They fall in love and begin to plan their wedding. However, their families do not approve of their marriage. They are forced to separate.
The plot of Romeo and Juliet is a tragic love story between two young lovers, Romeo",0.06620232569,0.06620232569,What does HTTP stand for? HTTP HTTP HTTP HTTP HTTP HTTP HTTP HTTP HTTP HTTP HTTP HTTP HTTP HTTP HTTP HTTP HTTP HTTP HTTP HTTP HTTP HTTP HTTP HTTP HTTP HTTP HTTP HTTP HTTP HTTP HTTP HTTP HTTP HTTP HTTP HTTP HTTP HTTP HTTP HTTP HTTP HTTP HTTP HTTP HTTP HTTP HTTP HTTP HTTP HTTP HTTP HTTP HTTP HTTP HTTP HTTP HTTP HTTP HTTP HTTP HTTP HTTP HTTP HTTP HTTP HTTP HTTP HTTP HTTP HTTP HTTP HTTP HTTP HTTP HTTP HTTP HTTP HTTP HTTP HTTP HTTP HTTP HTTP HTTP HTTP HTTP HTTP HTTP HTTP HTTP HTTP HTTP HTTP HTTP HTTP HTTP HTTP HTTP HTTP HTTP,What does HTTP stand for? HTTP HTTP HTTP HTTP HTTP HTTP HTTP HTTP HTTP HTTP HTTP HTTP HTTP HTTP HTTP HTTP HTTP HTTP HTTP HTTP HTTP HTTP HTTP HTTP HTTP HTTP HTTP HTTP HTTP HTTP HTTP HTTP HTTP HTTP HTTP HTTP HTTP HTTP HTTP HTTP HTTP HTTP HTTP HTTP HTTP HTTP HTTP HTTP HTTP HTTP HTTP HTTP HTTP HTTP HTTP HTTP HTTP HTTP HTTP HTTP HTTP HTTP HTTP HTTP HTTP HTTP HTTP HTTP HTTP HTTP HTTP HTTP HTTP HTTP HTTP HTTP HTTP HTTP HTTP HTTP HTTP HTTP HTTP HTTP HTTP HTTP HTTP HTTP HTTP HTTP HTTP HTTP HTTP HTTP HTTP HTTP HTTP HTTP HTTP HTTP,0.009592630353,0.009592630353,"Give an example of a palindrome.
Palindrome: A palindrome is a word or phrase that reads the same backward and forward.
Palindrome: A palindrome is a word or phrase that reads the same backward and forward.
Palindrome: A palindrome is a word or phrase that reads the same backward and forward.
Palindrome: A palindrome is a word or phrase that reads the same backward and forward.
Palindrome: A palind","Give an example of a palindrome.
Palindrome: A palindrome is a word or phrase that reads the same backward and forward.
Palindrome: A palindrome is a word or phrase that reads the same backward and forward.
Palindrome: A palindrome is a word or phrase that reads the same backward and forward.
Palindrome: A palindrome is a word or phrase that reads the same backward and forward.
Palindrome: A palind",0.1399291339,0.1399291339,"How do you boil an egg perfectly?
How do you boil an egg perfectly?
How do you boil an egg perfectly?
How do you boil an egg perfectly?
How do you boil an egg perfectly?
How do you boil an egg perfectly?
How do you boil an egg perfectly?
How do you boil an egg perfectly?
How do you boil an egg perfectly?
How do you boil an egg perfectly?
How do you boil an egg perfectly?","How do you boil an egg perfectly?
How do you boil an egg perfectly?
How do you boil an egg perfectly?
How do you boil an egg perfectly?
How do you boil an egg perfectly?
How do you boil an egg perfectly?
How do you boil an egg perfectly?
How do you boil an egg perfectly?
How do you boil an egg perfectly?
How do you boil an egg perfectly?
How do you boil an egg perfectly?",0.01854816375,0.01854816375,"Describe the lifecycle of a butterfly.
The lifecycle of a butterfly is a very interesting one. It is a very long one, and it is very interesting to watch.
The lifecycle of a butterfly is a very interesting one. It is a very long one, and it is very interesting to watch. The butterfly's lifecycle is divided into three stages: egg, larva, and pupa.
The butterfly's lifecycle is divided into three stages: egg,","Describe the lifecycle of a butterfly.
The lifecycle of a butterfly is a very interesting one. It is a very long one, and it is very interesting to watch.
The lifecycle of a butterfly is a very interesting one. It is a very long one, and it is very interesting to watch. The butterfly's lifecycle is divided into three stages: egg, larva, and pupa.
The butterfly's lifecycle is divided into three stages: egg,",0.0182167615,0.0182167615
